1,3-Dimethyl-2-imidazolidinone
cm^-1,Intensity
150.0,2110.3837890625
151.0,2092.375732421875
152.0,2075.006591796875
153.0,2055.920166015625
154.0,2034.5718994140625
155.0,2012.593017578125
156.0,1992.8963623046875
157.0,1978.0806884765625
158.0,1969.019287109375
159.0,1964.3856201171875
160.0,1961.3486328125
161.0,1956.9205322265625
162.0,1949.0986328125
163.0,1937.317626953125
164.0,1922.3121337890625
165.0,1905.7552490234373
166.0,1889.79150390625
167.0,1876.3809814453125
168.0,1866.539794921875
169.0,1859.864013671875
170.0,1854.744873046875
171.0,1849.2142333984373
172.0,1841.927490234375
173.0,1832.689453125
174.0,1822.3101806640625
175.0,1812.025390625
176.0,1802.9163818359373
177.0,1795.62841796875
178.0,1790.35498046875
179.0,1786.886474609375
180.0,1784.6131591796875
181.0,1782.6119384765625
182.0,1779.9935302734375
183.0,1776.39599609375
184.0,1772.2371826171875
185.0,1768.4322509765625
186.0,1765.7906494140625
187.0,1764.6263427734375
188.0,1764.8717041015625
189.0,1766.391845703125
190.0,1769.0018310546875
191.0,1772.12890625
192.0,1774.6475830078125
193.0,1775.34765625
194.0,1773.83251953125
195.0,1771.050048828125
196.0,1768.884521484375
197.0,1768.9788818359375
198.0,1771.6097412109375
199.0,1775.3902587890625
200.0,1778.0362548828125
201.0,1777.79931640625
202.0,1774.7142333984375
203.0,1770.8345947265625
204.0,1769.1160888671875
205.0,1771.6099853515625
206.0,1778.244384765625
207.0,1787.1771240234375
208.0,1796.378173828125
209.0,1805.020263671875
210.0,1813.45947265625
211.0,1822.0157470703125
212.0,1829.9608154296875
213.0,1835.8360595703125
214.0,1838.757568359375
215.0,1839.287353515625
216.0,1838.913818359375
217.0,1838.6392822265625
218.0,1838.0989990234373
219.0,1836.0198974609373
220.0,1831.456298828125
221.0,1824.4864501953125
222.0,1815.7545166015625
223.0,1805.5029296875
224.0,1793.30029296875
225.0,1778.848388671875
226.0,1763.038818359375
227.0,1748.00439453125
228.0,1735.8970947265625
229.0,1727.3887939453125
230.0,1721.289306640625
231.0,1715.601806640625
232.0,1709.0107421875
233.0,1701.4315185546875
234.0,1693.2987060546875
235.0,1684.545166015625
236.0,1674.466064453125
237.0,1662.628173828125
238.0,1649.8201904296875
239.0,1637.9476318359375
240.0,1628.813232421875
241.0,1622.8330078125
242.0,1618.7921142578125
243.0,1614.843505859375
244.0,1609.8785400390625
245.0,1604.2132568359375
246.0,1599.1424560546875
247.0,1595.8294677734375
248.0,1594.395263671875
249.0,1593.827392578125
250.0,1592.6800537109375
251.0,1589.9649658203125
252.0,1585.579345703125
253.0,1580.0107421875
254.0,1573.7032470703125
255.0,1566.7264404296875
256.0,1559.0955810546875
257.0,1551.400390625
258.0,1545.0184326171875
259.0,1541.490478515625
260.0,1541.4510498046875
261.0,1544.040771484375
262.0,1547.430419921875
263.0,1550.18017578125
264.0,1552.405029296875
265.0,1555.8818359375
266.0,1563.03125
267.0,1575.5557861328125
268.0,1593.6337890625
269.0,1616.08642578125
270.0,1641.3172607421875
271.0,1668.41943359375
272.0,1697.82080078125
273.0,1730.979248046875
274.0,1769.0833740234375
275.0,1811.3319091796875
276.0,1853.8323974609373
277.0,1890.0372314453125
278.0,1912.6785888671875
279.0,1916.2137451171875
280.0,1898.4451904296875
281.0,1860.64794921875
282.0,1806.5447998046875
283.0,1740.91796875
284.0,1668.4705810546875
285.0,1593.082763671875
286.0,1517.4443359375
287.0,1443.15234375
288.0,1371.3011474609375
289.0,1303.265625
290.0,1241.0965576171875
291.0,1187.12451171875
292.0,1142.9921875
293.0,1108.8077392578125
294.0,1083.0684814453125
295.0,1063.3917236328125
296.0,1047.532470703125
297.0,1034.070556640625
298.0,1022.5031127929688
299.0,1012.9444580078124
300.0,1005.7454833984376
301.0,1001.173095703125
302.0,999.115966796875
303.0,998.8685302734376
304.0,999.2465209960938
305.0,999.2109985351562
306.0,998.6954956054688
307.0,998.9356079101562
308.0,1001.811767578125
309.0,1008.6268920898438
310.0,1019.4075317382812
311.0,1033.468994140625
312.0,1050.7554931640625
313.0,1072.5711669921875
314.0,1100.8829345703125
315.0,1136.8912353515625
316.0,1180.5364990234375
317.0,1231.7314453125
318.0,1292.2276611328125
319.0,1365.9488525390625
320.0,1456.73046875
321.0,1564.6839599609375
322.0,1683.7264404296875
323.0,1802.0693359375
324.0,1905.2279052734373
325.0,1979.728759765625
326.0,2015.8836669921875
327.0,2009.1845703125
328.0,1960.7186279296875
329.0,1876.8255615234373
330.0,1767.796875
331.0,1645.6053466796875
332.0,1521.2626953125
333.0,1402.7991943359375
334.0,1294.592041015625
335.0,1197.993896484375
336.0,1112.6851806640625
337.0,1038.0498046875
338.0,973.9746704101562
339.0,920.764892578125
340.0,878.3046875
341.0,845.151611328125
342.0,818.4658203125
343.0,795.1058349609375
344.0,773.2267456054688
345.0,753.0878295898438
346.0,736.3109741210938
347.0,724.1058959960938
348.0,715.8679809570312
349.0,709.2940063476562
350.0,701.8638916015625
351.0,692.4771118164062
352.0,681.9735107421875
353.0,672.22900390625
354.0,664.640380859375
355.0,659.1599731445312
356.0,654.5355834960938
357.0,649.4429321289062
358.0,643.575439453125
359.0,637.8662719726562
360.0,633.6785278320312
361.0,631.5984497070312
362.0,630.760009765625
363.0,629.2803344726562
364.0,625.5806274414062
365.0,619.6226806640625
366.0,613.0699462890625
367.0,608.1168212890625
368.0,605.8203125
369.0,605.2796630859375
370.0,604.3731079101562
371.0,601.4874877929688
372.0,596.7611083984375
373.0,591.7973022460938
374.0,588.1793823242188
375.0,586.1541137695312
376.0,584.6177978515625
377.0,582.219482421875
378.0,578.4295043945312
379.0,573.6390380859375
380.0,568.4613037109375
381.0,563.1632690429688
382.0,557.806640625
383.0,552.7576293945312
384.0,548.7717895507812
385.0,546.4118041992188
386.0,545.3988037109375
387.0,544.6970825195312
388.0,543.3919067382812
389.0,541.5380249023438
390.0,540.1129150390625
391.0,540.05126953125
392.0,541.2781372070312
393.0,542.6654052734375
394.0,542.9299926757812
395.0,541.5860595703125
396.0,539.0565795898438
397.0,535.978759765625
398.0,532.5491333007812
399.0,528.6430053710938
400.0,524.506103515625
401.0,521.1065063476562
402.0,519.5615844726562
403.0,520.0729370117188
404.0,521.464111328125
405.0,521.9118041992188
406.0,520.3147583007812
407.0,517.0903930664062
408.0,513.6796264648438
409.0,511.2532653808594
410.0,509.7921142578125
411.0,508.3153991699219
412.0,505.9634704589844
413.0,502.9017639160156
414.0,500.2575378417969
415.0,499.1603088378906
416.0,499.7060852050781
417.0,500.7104187011719
418.0,500.4748840332031
419.0,498.0290832519531
420.0,493.9244079589844
421.0,489.9563598632813
422.0,487.9876708984375
423.0,488.7122497558594
424.0,491.263916015625
425.0,493.9128723144531
426.0,495.2401123046875
427.0,494.8955993652344
428.0,493.482177734375
429.0,491.8656921386719
430.0,490.5879211425781
431.0,489.7805786132813
432.0,489.4450378417969
433.0,489.6745300292969
434.0,490.5719909667969
435.0,492.0007934570313
436.0,493.4992065429688
437.0,494.5370178222656
438.0,494.9226379394531
439.0,494.95111083984375
440.0,495.0688781738281
441.0,495.3156127929688
442.0,495.1447143554688
443.0,493.9400024414063
444.0,491.8085632324219
445.0,489.7761535644531
446.0,488.9624633789063
447.0,489.4080810546875
448.0,489.7665100097656
449.0,488.3669128417969
450.0,484.7696533203125
451.0,480.2996215820313
452.0,476.9918518066406
453.0,475.9280090332031
454.0,476.5213928222656
455.0,477.3192443847656
456.0,477.3645629882813
457.0,476.7685241699219
458.0,476.1300659179688
459.0,475.6612854003906
460.0,475.0358276367188
461.0,474.004150390625
462.0,472.9424133300781
463.0,472.6325988769531
464.0,473.4897155761719
465.0,475.0843811035156
466.0,476.4679870605469
467.0,476.964599609375
468.0,476.6384582519531
469.0,476.0310974121094
470.0,475.5230102539063
471.0,474.99224853515625
472.0,474.0801696777344
473.0,472.7359619140625
474.0,471.4500732421875
475.0,470.924072265625
476.0,471.47161865234375
477.0,472.7019958496094
478.0,473.784912109375
479.0,474.0749816894531
480.0,473.5745544433594
481.0,472.8582458496094
482.0,472.5433044433594
483.0,472.7723388671875
484.0,473.13714599609375
485.0,473.0859069824219
486.0,472.46722412109375
487.0,471.7842102050781
488.0,471.9920654296875
489.0,473.9957580566406
490.0,478.1505432128906
491.0,484.0267028808594
492.0,490.5604553222656
493.0,496.5286865234375
494.0,501.0937194824219
495.0,504.08050537109375
496.0,505.8162536621094
497.0,506.7355041503906
498.0,507.1625061035156
499.0,507.45849609375
500.0,508.2809753417969
501.0,510.54193115234375
502.0,515.0098266601562
503.0,521.9482421875
504.0,531.164306640625
505.0,542.3753051757812
506.0,555.4739379882812
507.0,570.5077514648438
508.0,587.67041015625
509.0,607.6832275390625
510.0,632.5240478515625
511.0,666.0592041015625
512.0,714.1973266601562
513.0,784.430908203125
514.0,884.5075073242188
515.0,1019.6609497070312
516.0,1188.24072265625
517.0,1377.1885986328125
518.0,1560.5074462890625
519.0,1703.7171630859375
520.0,1774.3914794921875
521.0,1754.58837890625
522.0,1648.640380859375
523.0,1481.7337646484375
524.0,1289.83154296875
525.0,1106.3958740234375
526.0,952.71435546875
527.0,835.5499877929688
528.0,751.0260620117188
529.0,690.7705078125
530.0,646.6863403320312
531.0,613.0526123046875
532.0,586.6725463867188
533.0,566.2044677734375
534.0,551.2452392578125
535.0,541.3604736328125
536.0,535.3806762695312
537.0,531.3778686523438
538.0,527.3665771484375
539.0,522.2322998046875
540.0,516.2066650390625
541.0,510.54400634765625
542.0,506.6156005859375
543.0,505.0171508789063
544.0,505.2642211914063
545.0,506.25823974609375
546.0,507.138671875
547.0,507.804931640625
548.0,508.6834411621094
549.0,510.0542297363281
550.0,511.71087646484375
551.0,513.3702392578125
552.0,515.3722534179688
553.0,518.7714233398438
554.0,524.491943359375
555.0,532.2295532226562
556.0,540.194091796875
557.0,546.1602172851562
558.0,549.1695556640625
559.0,550.5999755859375
560.0,553.6836547851562
561.0,561.6187744140625
562.0,575.5015258789062
563.0,593.6567993164062
564.0,613.11083984375
565.0,632.3226928710938
566.0,653.1253051757812
567.0,680.2858276367188
568.0,719.06103515625
569.0,772.9698486328125
570.0,843.900146484375
571.0,934.7392578125
572.0,1052.8779296875
573.0,1212.6522216796875
574.0,1435.446533203125
575.0,1746.1820068359375
576.0,2164.341552734375
577.0,2689.057373046875
578.0,3282.82958984375
579.0,3864.383056640625
580.0,4321.578125
581.0,4545.73388671875
582.0,4474.00927734375
583.0,4117.60498046875
584.0,3558.91455078125
585.0,2918.238525390625
586.0,2308.5478515625
587.0,1801.9666748046875
588.0,1421.265625
589.0,1153.174072265625
590.0,969.6251220703124
591.0,843.7398071289062
592.0,755.8219604492188
593.0,692.6322021484375
594.0,645.2814331054688
595.0,608.3106689453125
596.0,579.3092651367188
597.0,557.7273559570312
598.0,542.9805908203125
599.0,533.1822509765625
600.0,525.4334716796875
601.0,517.2219848632812
602.0,507.6059265136719
603.0,497.24554443359375
604.0,487.4442443847656
605.0,479.1028137207031
606.0,472.3315124511719
607.0,466.7616882324219
608.0,462.0577697753906
609.0,458.14788818359375
610.0,455.111083984375
611.0,452.999755859375
612.0,451.8279418945313
613.0,451.6512756347656
614.0,452.50335693359375
615.0,454.1369934082031
616.0,455.84765625
617.0,456.70703125
618.0,456.16510009765625
619.0,454.5349731445313
620.0,452.85150146484375
621.0,452.1028137207031
622.0,452.44329833984375
623.0,453.1053161621094
624.0,453.1565551757813
625.0,452.4861755371094
626.0,452.14788818359375
627.0,453.7073364257813
628.0,458.1160583496094
629.0,465.0765380859375
630.0,473.43505859375
631.0,482.2137451171875
632.0,491.3482055664063
633.0,501.5361633300781
634.0,513.47607421875
635.0,527.3076782226562
636.0,542.7600708007812
637.0,559.77490234375
638.0,579.03271484375
639.0,602.102294921875
640.0,631.3311157226562
641.0,669.5546264648438
642.0,719.4190063476562
643.0,782.2119750976562
644.0,856.6654052734375
645.0,938.5185546875
646.0,1021.1694946289062
647.0,1096.937255859375
648.0,1158.2388916015625
649.0,1198.530517578125
650.0,1213.3267822265625
651.0,1201.29296875
652.0,1164.7919921875
653.0,1109.3143310546875
654.0,1042.01220703125
655.0,970.1295776367188
656.0,899.8463745117188
657.0,835.4913330078125
658.0,779.0859375
659.0,730.56884765625
660.0,688.8751220703125
661.0,653.2022705078125
662.0,623.38916015625
663.0,599.190185546875
664.0,579.501708984375
665.0,562.6543579101562
666.0,547.5433959960938
667.0,534.2665405273438
668.0,523.482666015625
669.0,515.2357177734375
670.0,508.6167907714844
671.0,502.60064697265625
672.0,497.0050354003906
673.0,492.4521179199219
674.0,489.43505859375
675.0,487.5770568847656
676.0,485.8408508300781
677.0,483.34771728515625
678.0,479.9152526855469
679.0,475.92083740234375
680.0,471.8743896484375
681.0,468.22216796875
682.0,465.4144592285156
683.0,463.884033203125
684.0,463.760986328125
685.0,464.5877990722656
686.0,465.4148254394531
687.0,465.3229675292969
688.0,464.0306396484375
689.0,462.16119384765625
690.0,460.9589538574219
691.0,461.5513916015625
692.0,464.1512451171875
693.0,467.7589721679688
694.0,470.72119140625
695.0,471.8553161621094
696.0,471.24609375
697.0,469.9867858886719
698.0,469.1160278320313
699.0,468.8333129882813
700.0,468.7667236328125
701.0,468.8521118164063
702.0,469.6491088867188
703.0,471.6121520996094
704.0,474.1996154785156
705.0,476.0563354492188
706.0,476.3046569824219
707.0,475.5708312988281
708.0,475.4955749511719
709.0,477.1290283203125
710.0,479.9268798828125
711.0,482.4506530761719
712.0,483.9646606445313
713.0,485.1380920410156
714.0,487.1386413574219
715.0,490.24560546875
716.0,493.55120849609375
717.0,495.9449462890625
718.0,497.1373291015625
719.0,497.66302490234375
720.0,498.1849060058594
721.0,499.1439208984375
722.0,501.0528259277344
723.0,504.6913146972656
724.0,510.5887145996094
725.0,518.2843627929688
726.0,526.3984985351562
727.0,533.706298828125
728.0,540.1653442382812
729.0,546.7766723632812
730.0,554.4343872070312
731.0,563.0567626953125
732.0,571.9415893554688
733.0,580.8580932617188
734.0,590.5774536132812
735.0,602.2731323242188
736.0,616.5526123046875
737.0,633.2003784179688
738.0,651.7685546875
739.0,672.286865234375
740.0,695.5635986328125
741.0,723.1671142578125
742.0,757.1586303710938
743.0,799.314697265625
744.0,850.0239868164062
745.0,907.9956665039062
746.0,971.68505859375
747.0,1041.525634765625
748.0,1120.820068359375
749.0,1214.46435546875
750.0,1327.19140625
751.0,1463.6043701171875
752.0,1630.4267578125
753.0,1839.6683349609373
754.0,2111.3720703125
755.0,2475.127197265625
756.0,2970.005126953125
757.0,3644.567138671875
758.0,4560.83837890625
759.0,5801.6025390625
760.0,7465.82421875
761.0,9626.4521484375
762.0,12242.0830078125
763.0,15061.9697265625
764.0,17604.77734375
765.0,19273.646484375
766.0,19584.365234375
767.0,18389.302734375
768.0,15959.751953125
769.0,12871.4150390625
770.0,9762.48828125
771.0,7105.32666015625
772.0,5102.85693359375
773.0,3725.991943359375
774.0,2826.56787109375
775.0,2242.947509765625
776.0,1853.6766357421875
777.0,1583.321044921875
778.0,1387.8192138671875
779.0,1240.8599853515625
780.0,1126.8106689453125
781.0,1036.764404296875
782.0,965.0445556640624
783.0,906.8710327148438
784.0,858.2008666992188
785.0,816.6793212890625
786.0,781.7340698242188
787.0,753.29345703125
788.0,730.429443359375
789.0,711.2927856445312
790.0,694.2188720703125
791.0,678.697998046875
792.0,665.225830078125
793.0,654.3037109375
794.0,645.61474609375
795.0,638.0313110351562
796.0,630.2435302734375
797.0,621.4201049804688
798.0,611.5784912109375
799.0,601.6223754882812
800.0,592.9641723632812
801.0,586.6998291015625
802.0,582.796875
803.0,580.0884399414062
804.0,577.2408447265625
805.0,573.7314453125
806.0,569.7518920898438
807.0,565.291748046875
808.0,559.803955078125
809.0,553.1151123046875
810.0,546.411865234375
811.0,541.733154296875
812.0,540.1818237304688
813.0,540.7841186523438
814.0,541.2781372070312
815.0,539.92333984375
816.0,536.5048217773438
817.0,531.992431640625
818.0,527.8033447265625
819.0,525.4017944335938
820.0,525.8631591796875
821.0,529.0465087890625
822.0,533.166015625
823.0,535.828369140625
824.0,536.0756225585938
825.0,535.4400024414062
826.0,536.6648559570312
827.0,541.1417236328125
828.0,547.5670776367188
829.0,553.1371459960938
830.0,556.0560913085938
831.0,556.9442138671875
832.0,558.0101318359375
833.0,561.0904541015625
834.0,566.5177001953125
835.0,573.5745849609375
836.0,581.5687866210938
837.0,590.2212524414062
838.0,599.2535400390625
839.0,608.1324462890625
840.0,616.555908203125
841.0,625.0589599609375
842.0,634.7748413085938
843.0,646.3880004882812
844.0,659.3606567382812
845.0,672.2821655273438
846.0,684.0169067382812
847.0,694.5938720703125
848.0,705.1327514648438
849.0,716.9345703125
850.0,730.3927612304688
851.0,744.4190063476562
852.0,756.754150390625
853.0,764.9688110351562
854.0,767.4879760742188
855.0,764.0773315429688
856.0,755.808837890625
857.0,744.7702026367188
858.0,733.4041137695312
859.0,723.2393798828125
860.0,713.6482543945312
861.0,702.0962524414062
862.0,686.404296875
863.0,667.2205810546875
864.0,648.0449829101562
865.0,632.4424438476562
866.0,621.19482421875
867.0,612.2642211914062
868.0,603.261474609375
869.0,593.51123046875
870.0,583.826904296875
871.0,575.0506591796875
872.0,567.3720092773438
873.0,560.6824951171875
874.0,554.763671875
875.0,548.9708251953125
876.0,542.44189453125
877.0,535.2017211914062
878.0,528.7462768554688
879.0,524.8216552734375
880.0,523.4735107421875
881.0,522.760498046875
882.0,520.655029296875
883.0,516.9218139648438
884.0,512.8421630859375
885.0,509.3962707519531
886.0,506.2388610839844
887.0,502.4474182128906
888.0,497.7501220703125
889.0,492.754150390625
890.0,488.3418273925781
891.0,485.296142578125
892.0,484.36181640625
893.0,486.0159606933594
894.0,489.7297668457031
895.0,493.6177062988281
896.0,495.3269653320313
897.0,493.6683349609375
898.0,489.4645690917969
899.0,484.7060546875
900.0,480.7904357910156
901.0,477.59381103515625
902.0,474.2513732910156
903.0,470.651123046875
904.0,467.8356018066406
905.0,466.8255920410156
906.0,467.36273193359375
907.0,468.2144165039063
908.0,468.6498718261719
909.0,469.0727844238281
910.0,469.8699951171875
911.0,470.031005859375
912.0,467.6349487304688
913.0,461.9701232910156
914.0,454.8219604492188
915.0,449.2777404785156
916.0,447.2506103515625
917.0,448.2662353515625
918.0,450.4509887695313
919.0,452.3338012695313
920.0,453.67474365234375
921.0,454.9591979980469
922.0,456.439453125
923.0,457.6077880859375
924.0,457.39788818359375
925.0,454.984619140625
926.0,450.7116394042969
927.0,446.3670043945313
928.0,444.2796325683594
929.0,445.7209777832031
930.0,449.925537109375
931.0,454.6266479492188
932.0,457.6591796875
933.0,458.3253173828125
934.0,457.6129455566406
935.0,457.3467712402344
936.0,458.9617614746094
937.0,462.62835693359375
938.0,467.2329711914063
939.0,471.2633666992188
940.0,473.9840698242188
941.0,475.9430847167969
942.0,478.400146484375
943.0,482.3036804199219
944.0,487.8297424316406
945.0,494.7945556640625
946.0,503.3233642578125
947.0,514.0289916992188
948.0,527.6093139648438
949.0,544.3987426757812
950.0,564.4324340820312
951.0,588.0631103515625
952.0,616.571044921875
953.0,652.1385498046875
954.0,697.3120727539062
955.0,754.9077758789062
956.0,828.8816528320312
957.0,924.9286499023438
958.0,1048.6387939453125
959.0,1200.8465576171875
960.0,1372.9813232421875
961.0,1546.151123046875
962.0,1695.098876953125
963.0,1794.956787109375
964.0,1828.0062255859373
965.0,1788.783203125
966.0,1686.279052734375
967.0,1541.65185546875
968.0,1381.238525390625
969.0,1227.9049072265625
970.0,1095.424072265625
971.0,988.1722412109376
972.0,904.4075317382812
973.0,839.9473266601562
974.0,790.6622314453125
975.0,753.7940673828125
976.0,728.0620727539062
977.0,712.455810546875
978.0,704.8026733398438
979.0,701.9169921875
980.0,701.53173828125
981.0,703.8153686523438
982.0,710.3350830078125
983.0,721.1537475585938
984.0,733.0013427734375
985.0,740.4520874023438
986.0,739.0621337890625
987.0,727.7972412109375
988.0,709.1390991210938
989.0,687.3461303710938
990.0,666.353515625
991.0,648.3949584960938
992.0,633.656005859375
993.0,620.8377075195312
994.0,608.2774658203125
995.0,595.026611328125
996.0,581.2772827148438
997.0,568.0341186523438
998.0,556.5095825195312
999.0,547.7291870117188
1000.0,542.3050537109375
1001.0,540.1054077148438
1002.0,540.0057373046875
1003.0,540.3169555664062
1004.0,539.94677734375
1005.0,539.3077392578125
1006.0,539.8994140625
1007.0,542.829345703125
1008.0,547.8179321289062
1009.0,553.74365234375
1010.0,559.9854125976562
1011.0,566.9533081054688
1012.0,575.3932495117188
1013.0,585.65234375
1014.0,597.9229736328125
1015.0,612.9017333984375
1016.0,631.7281494140625
1017.0,655.3171997070312
1018.0,684.2551879882812
1019.0,719.5941162109375
1020.0,763.5176391601562
1021.0,819.118896484375
1022.0,889.801513671875
1023.0,978.7926635742188
1024.0,1088.1026611328125
1025.0,1216.478759765625
1026.0,1357.7186279296875
1027.0,1501.0919189453125
1028.0,1633.3828125
1029.0,1740.603759765625
1030.0,1809.35595703125
1031.0,1829.906494140625
1032.0,1800.900146484375
1033.0,1731.55712890625
1034.0,1637.9168701171875
1035.0,1535.748291015625
1036.0,1436.343505859375
1037.0,1347.34326171875
1038.0,1274.454833984375
1039.0,1220.030517578125
1040.0,1180.4022216796875
1041.0,1146.84912109375
1042.0,1110.8382568359375
1043.0,1068.66796875
1044.0,1021.27978515625
1045.0,970.6889038085938
1046.0,917.752685546875
1047.0,863.2302856445312
1048.0,809.5491943359375
1049.0,760.2197875976562
1050.0,717.4146118164062
1051.0,680.7510375976562
1052.0,648.624267578125
1053.0,620.1849975585938
1054.0,595.6627197265625
1055.0,575.3123779296875
1056.0,558.8401489257812
1057.0,545.76025390625
1058.0,535.4635620117188
1059.0,526.6785278320312
1060.0,517.7398681640625
1061.0,508.2449340820313
1062.0,500.1039123535156
1063.0,495.9306640625
1064.0,496.07269287109375
1065.0,497.8297424316406
1066.0,498.05224609375
1067.0,496.1802673339844
1068.0,494.2810668945313
1069.0,494.3372497558594
1070.0,496.150634765625
1071.0,498.1246643066406
1072.0,499.6365356445313
1073.0,502.0418395996094
1074.0,507.1838073730469
1075.0,515.1778564453125
1076.0,523.94921875
1077.0,530.9498291015625
1078.0,535.1201171875
1079.0,537.116455078125
1080.0,537.9589233398438
1081.0,537.9733276367188
1082.0,537.2517700195312
1083.0,536.7762451171875
1084.0,538.415771484375
1085.0,543.3662719726562
1086.0,550.6898193359375
1087.0,557.9132690429688
1088.0,563.509521484375
1089.0,568.7499389648438
1090.0,576.7809448242188
1091.0,589.8016357421875
1092.0,607.378662109375
1093.0,627.3927001953125
1094.0,647.8059692382812
1095.0,666.8191528320312
1096.0,681.8028564453125
1097.0,689.4328002929688
1098.0,687.6697387695312
1099.0,677.290283203125
1100.0,661.0179443359375
1101.0,641.439697265625
1102.0,620.2532958984375
1103.0,599.1774291992188
1104.0,580.4921264648438
1105.0,565.9738159179688
1106.0,555.5059814453125
1107.0,547.2645874023438
1108.0,539.4849243164062
1109.0,532.0654907226562
1110.0,526.5797729492188
1111.0,524.8444213867188
1112.0,527.3060913085938
1113.0,532.5261840820312
1114.0,538.2235717773438
1115.0,543.1088256835938
1116.0,547.9005737304688
1117.0,554.4598999023438
1118.0,563.7763671875
1119.0,574.8418579101562
1120.0,585.6595458984375
1121.0,595.4349365234375
1122.0,605.7115478515625
1123.0,619.1776123046875
1124.0,637.0670776367188
1125.0,657.4301147460938
1126.0,675.9158325195312
1127.0,688.6145629882812
1128.0,694.63134765625
1129.0,696.1401977539062
1130.0,695.9266967773438
1131.0,694.8524169921875
1132.0,691.6908569335938
1133.0,685.2099609375
1134.0,676.0096435546875
1135.0,666.1243896484375
1136.0,657.0805053710938
1137.0,648.7612915039062
1138.0,640.2445678710938
1139.0,631.39501953125
1140.0,623.3404541015625
1141.0,617.5404663085938
1142.0,614.6839599609375
1143.0,614.3524780273438
1144.0,615.2507934570312
1145.0,615.6463623046875
1146.0,614.17431640625
1147.0,610.8186645507812
1148.0,607.021728515625
1149.0,604.4373168945312
1150.0,603.635498046875
1151.0,604.3270874023438
1152.0,606.5191040039062
1153.0,610.5905151367188
1154.0,616.0669555664062
1155.0,621.3165283203125
1156.0,625.3775024414062
1157.0,629.7100830078125
1158.0,637.0870361328125
1159.0,648.605224609375
1160.0,662.7437133789062
1161.0,677.859130859375
1162.0,694.5968627929688
1163.0,714.5789184570312
1164.0,737.1917114257812
1165.0,759.6322021484375
1166.0,781.0826416015625
1167.0,805.528076171875
1168.0,838.8080444335938
1169.0,883.2239379882812
1170.0,936.4224853515624
1171.0,995.2110595703124
1172.0,1058.395751953125
1173.0,1125.290283203125
1174.0,1193.63134765625
1175.0,1260.945068359375
1176.0,1327.0145263671875
1177.0,1392.8382568359375
1178.0,1457.0843505859375
1179.0,1515.2596435546875
1180.0,1562.8885498046875
1181.0,1598.371826171875
1182.0,1622.2930908203125
1183.0,1635.0933837890625
1184.0,1636.2559814453125
1185.0,1625.1571044921875
1186.0,1602.2210693359375
1187.0,1570.015869140625
1188.0,1533.73486328125
1189.0,1499.48583984375
1190.0,1470.7529296875
1191.0,1446.8216552734375
1192.0,1425.5977783203125
1193.0,1407.4298095703125
1194.0,1394.766845703125
1195.0,1388.26416015625
1196.0,1385.0933837890625
1197.0,1381.9498291015625
1198.0,1378.44921875
1199.0,1376.2890625
1200.0,1375.552734375
1201.0,1372.816162109375
1202.0,1362.7030029296875
1203.0,1340.8216552734375
1204.0,1305.9810791015625
1205.0,1260.872314453125
1206.0,1210.671630859375
1207.0,1160.0250244140625
1208.0,1110.87744140625
1209.0,1063.121826171875
1210.0,1016.6386108398438
1211.0,972.0278930664062
1212.0,930.153076171875
1213.0,892.310302734375
1214.0,860.4016723632812
1215.0,835.100830078125
1216.0,813.580810546875
1217.0,791.06689453125
1218.0,766.0471801757812
1219.0,742.90380859375
1220.0,727.83251953125
1221.0,722.3505249023438
1222.0,721.8314208984375
1223.0,720.1965942382812
1224.0,715.0556030273438
1225.0,708.392578125
1226.0,703.4721069335938
1227.0,701.6217041015625
1228.0,701.2384643554688
1229.0,699.1463012695312
1230.0,693.2625122070312
1231.0,684.7504272460938
1232.0,677.6473388671875
1233.0,675.787353515625
1234.0,679.8389892578125
1235.0,687.6534423828125
1236.0,697.3283081054688
1237.0,708.868896484375
1238.0,722.4300537109375
1239.0,736.3946533203125
1240.0,748.8648071289062
1241.0,760.443115234375
1242.0,773.5197143554688
1243.0,788.59716796875
1244.0,803.15380859375
1245.0,814.7103271484375
1246.0,823.3438110351562
1247.0,830.43994140625
1248.0,836.6937255859375
1249.0,842.3453979492188
1250.0,847.5074462890625
1251.0,850.6942749023438
1252.0,848.7742309570312
1253.0,840.6846313476562
1254.0,830.2559204101562
1255.0,823.0197143554688
1256.0,820.5220947265625
1257.0,819.8359375
1258.0,818.5974731445312
1259.0,818.369140625
1260.0,822.454833984375
1261.0,832.1201171875
1262.0,846.0367431640625
1263.0,862.4880981445312
1264.0,880.8853759765625
1265.0,901.0645751953124
1266.0,921.79052734375
1267.0,940.7175903320312
1268.0,956.2816772460938
1269.0,969.134033203125
1270.0,980.5835571289062
1271.0,989.6603393554688
1272.0,993.3515014648438
1273.0,990.5315551757812
1274.0,983.9932250976562
1275.0,976.9208984375
1276.0,968.5048828125
1277.0,955.478271484375
1278.0,938.0186767578124
1279.0,921.7041625976562
1280.0,912.2471923828124
1281.0,909.446044921875
1282.0,907.8043823242188
1283.0,902.7416381835938
1284.0,894.8424072265625
1285.0,887.7515258789062
1286.0,883.0809326171875
1287.0,878.6028442382812
1288.0,871.3563232421875
1289.0,861.2847290039062
1290.0,850.8318481445312
1291.0,841.3627319335938
1292.0,831.2723999023438
1293.0,818.0831298828125
1294.0,801.4259033203125
1295.0,782.9788208007812
1296.0,764.0345458984375
1297.0,744.5690307617188
1298.0,724.9481811523438
1299.0,707.1624755859375
1300.0,693.2093505859375
1301.0,682.763427734375
1302.0,673.5123291015625
1303.0,663.6309204101562
1304.0,652.9501342773438
1305.0,641.8414306640625
1306.0,630.426513671875
1307.0,619.5946044921875
1308.0,611.6664428710938
1309.0,608.6629028320312
1310.0,609.8888549804688
1311.0,611.8496704101562
1312.0,610.6661987304688
1313.0,604.736083984375
1314.0,595.9507446289062
1315.0,588.7908935546875
1316.0,587.0667724609375
1317.0,590.2056884765625
1318.0,593.2693481445312
1319.0,591.9807739257812
1320.0,587.440185546875
1321.0,584.3983764648438
1322.0,585.065185546875
1323.0,586.6477661132812
1324.0,585.7687377929688
1325.0,583.4585571289062
1326.0,583.871826171875
1327.0,588.5831298828125
1328.0,593.9635009765625
1329.0,594.91796875
1330.0,590.4373168945312
1331.0,584.592041015625
1332.0,582.10107421875
1333.0,583.786865234375
1334.0,587.0054321289062
1335.0,589.7322387695312
1336.0,592.5436401367188
1337.0,596.3038940429688
1338.0,599.778564453125
1339.0,600.8973388671875
1340.0,599.2450561523438
1341.0,595.9240112304688
1342.0,592.0739135742188
1343.0,589.2010498046875
1344.0,589.7793579101562
1345.0,594.9811401367188
1346.0,602.1317138671875
1347.0,606.9833374023438
1348.0,608.8197631835938
1349.0,610.927734375
1350.0,615.4238891601562
1351.0,620.088623046875
1352.0,621.729736328125
1353.0,620.6766967773438
1354.0,619.96630859375
1355.0,621.1696166992188
1356.0,623.154296875
1357.0,624.9031372070312
1358.0,627.7799682617188
1359.0,633.90478515625
1360.0,642.662841796875
1361.0,650.0003662109375
1362.0,652.2864990234375
1363.0,650.81396484375
1364.0,651.1705322265625
1365.0,657.5632934570312
1366.0,669.01318359375
1367.0,681.8828735351562
1368.0,694.2449340820312
1369.0,706.0021362304688
1370.0,716.6624755859375
1371.0,726.311767578125
1372.0,738.3595581054688
1373.0,757.9721069335938
1374.0,786.9583129882812
1375.0,822.7716674804688
1376.0,863.6614990234375
1377.0,912.1387939453124
1378.0,970.7689819335938
1379.0,1035.6180419921875
1380.0,1096.68505859375
1381.0,1145.3675537109375
1382.0,1179.7021484375
1383.0,1201.7288818359375
1384.0,1212.1614990234375
1385.0,1209.9061279296875
1386.0,1195.4896240234375
1387.0,1172.239990234375
1388.0,1144.35009765625
1389.0,1115.88525390625
1390.0,1090.9710693359375
1391.0,1072.1129150390625
1392.0,1058.3709716796875
1393.0,1047.630615234375
1394.0,1040.2242431640625
1395.0,1037.549072265625
1396.0,1037.8021240234375
1397.0,1036.6708984375
1398.0,1032.331298828125
1399.0,1026.5758056640625
1400.0,1021.038330078125
1401.0,1015.7896118164062
1402.0,1012.1218872070312
1403.0,1013.4129028320312
1404.0,1021.870361328125
1405.0,1036.1448974609375
1406.0,1052.6990966796875
1407.0,1068.345703125
1408.0,1081.7069091796875
1409.0,1093.52880859375
1410.0,1105.4129638671875
1411.0,1117.625244140625
1412.0,1128.905517578125
1413.0,1138.59423828125
1414.0,1147.097900390625
1415.0,1153.5684814453125
1416.0,1155.4495849609375
1417.0,1151.9256591796875
1418.0,1146.0831298828125
1419.0,1142.0009765625
1420.0,1141.2513427734375
1421.0,1144.0338134765625
1422.0,1152.203125
1423.0,1168.4383544921875
1424.0,1192.521484375
1425.0,1220.722900390625
1426.0,1249.9127197265625
1427.0,1281.47216796875
1428.0,1320.4302978515625
1429.0,1371.0513916015625
1430.0,1433.9501953125
1431.0,1507.9093017578125
1432.0,1593.610107421875
1433.0,1693.2637939453125
1434.0,1805.540771484375
1435.0,1923.44287109375
1436.0,2039.9822998046875
1437.0,2154.262939453125
1438.0,2268.69287109375
1439.0,2381.70458984375
1440.0,2487.1123046875
1441.0,2579.447265625
1442.0,2655.82861328125
1443.0,2713.859619140625
1444.0,2752.6923828125
1445.0,2776.22607421875
1446.0,2791.36962890625
1447.0,2803.012939453125
1448.0,2812.988037109375
1449.0,2822.401611328125
1450.0,2832.15185546875
1451.0,2842.397216796875
1452.0,2852.833984375
1453.0,2860.565673828125
1454.0,2856.772705078125
1455.0,2831.038818359375
1456.0,2782.865234375
1457.0,2724.615478515625
1458.0,2668.53759765625
1459.0,2614.287841796875
1460.0,2554.7001953125
1461.0,2491.431884765625
1462.0,2437.517822265625
1463.0,2402.727294921875
1464.0,2382.282470703125
1465.0,2364.48095703125
1466.0,2345.99169921875
1467.0,2333.849365234375
1468.0,2332.726806640625
1469.0,2335.580078125
1470.0,2329.291015625
1471.0,2307.24462890625
1472.0,2274.04931640625
1473.0,2238.191650390625
1474.0,2202.101806640625
1475.0,2161.674072265625
1476.0,2115.126953125
1477.0,2067.8671875
1478.0,2026.0302734375
1479.0,1989.7823486328125
1480.0,1957.65625
1481.0,1933.302001953125
1482.0,1921.5848388671875
1483.0,1921.0240478515625
1484.0,1927.16796875
1485.0,1941.6422119140625
1486.0,1970.3983154296875
1487.0,2012.8125
1488.0,2058.999267578125
1489.0,2099.6767578125
1490.0,2133.870361328125
1491.0,2164.539306640625
1492.0,2190.5107421875
1493.0,2206.63232421875
1494.0,2210.513671875
1495.0,2205.6171875
1496.0,2197.68017578125
1497.0,2190.634521484375
1498.0,2185.962158203125
1499.0,2183.226806640625
1500.0,2180.554443359375
1501.0,2176.404541015625
1502.0,2170.514892578125
1503.0,2160.90625
1504.0,2141.0361328125
1505.0,2103.6396484375
1506.0,2047.9644775390625
1507.0,1980.401123046875
1508.0,1907.1964111328125
1509.0,1828.8616943359373
1510.0,1743.0645751953125
1511.0,1651.5181884765625
1512.0,1561.9373779296875
1513.0,1482.5692138671875
1514.0,1415.48095703125
1515.0,1356.211181640625
1516.0,1300.196044921875
1517.0,1248.6021728515625
1518.0,1206.82177734375
1519.0,1177.32275390625
1520.0,1155.295654296875
1521.0,1132.456298828125
1522.0,1104.5146484375
1523.0,1073.634521484375
1524.0,1044.374267578125
1525.0,1019.4849853515624
1526.0,999.221435546875
1527.0,981.5162353515624
1528.0,962.11572265625
1529.0,937.6761474609376
1530.0,910.2803344726562
1531.0,886.57177734375
1532.0,870.8333740234375
1533.0,860.4655151367188
1534.0,849.3054809570312
1535.0,833.8599243164062
1536.0,815.3819580078125
1537.0,797.5946655273438
1538.0,783.8655395507812
1539.0,775.3978271484375
1540.0,770.4894409179688
1541.0,766.00048828125
1542.0,760.51513671875
1543.0,755.15283203125
1544.0,750.4830322265625
1545.0,744.6281127929688
1546.0,736.4265747070312
1547.0,728.7335205078125
1548.0,725.7222900390625
1549.0,727.52197265625
1550.0,729.9246215820312
1551.0,729.226318359375
1552.0,725.4078979492188
1553.0,720.386474609375
1554.0,714.9537353515625
1555.0,708.8115844726562
1556.0,702.9339599609375
1557.0,699.5379638671875
1558.0,698.5476684570312
1559.0,696.419189453125
1560.0,691.2120971679688
1561.0,687.0654907226562
1562.0,689.6468505859375
1563.0,697.4814453125
1564.0,701.8535766601562
1565.0,696.518798828125
1566.0,684.7562255859375
1567.0,675.249267578125
1568.0,672.8126831054688
1569.0,675.113037109375
1570.0,677.7239990234375
1571.0,679.7330932617188
1572.0,682.9724731445312
1573.0,687.5662841796875
1574.0,690.8507080078125
1575.0,690.325927734375
1576.0,686.0384521484375
1577.0,681.131591796875
1578.0,681.20068359375
1579.0,689.8966064453125
1580.0,702.4822998046875
1581.0,707.6598510742188
1582.0,699.73828125
1583.0,685.3282470703125
1584.0,674.3658447265625
1585.0,669.355712890625
1586.0,667.7525634765625
1587.0,669.281005859375
1588.0,674.63818359375
1589.0,680.4127807617188
1590.0,681.1639404296875
1591.0,675.8474731445312
1592.0,669.2275390625
1593.0,666.8777465820312
1594.0,669.3954467773438
1595.0,671.99169921875
1596.0,670.9063720703125
1597.0,668.8563232421875
1598.0,670.5243530273438
1599.0,673.8762817382812
1600.0,671.9979248046875
1601.0,664.2965087890625
1602.0,659.2130737304688
1603.0,662.7028198242188
1604.0,669.5761108398438
1605.0,670.9371948242188
1606.0,666.1477661132812
1607.0,661.6979370117188
1608.0,660.815673828125
1609.0,660.6031494140625
1610.0,658.5772094726562
1611.0,656.4727172851562
1612.0,657.84521484375
1613.0,665.1250610351562
1614.0,676.4677124023438
1615.0,683.3929443359375
1616.0,677.3167114257812
1617.0,661.1874389648438
1618.0,647.6760864257812
1619.0,643.885986328125
1620.0,645.9927978515625
1621.0,649.380859375
1622.0,653.8349609375
1623.0,658.016357421875
1624.0,658.8960571289062
1625.0,657.5565795898438
1626.0,657.666015625
1627.0,658.729248046875
1628.0,657.1221923828125
1629.0,652.1200561523438
1630.0,645.79833984375
1631.0,639.133544921875
1632.0,632.5847778320312
1633.0,628.6236572265625
1634.0,629.4570922851562
1635.0,632.8062744140625
1636.0,633.5656127929688
1637.0,630.1920166015625
1638.0,626.4415893554688
1639.0,625.7764282226562
1640.0,626.8340454101562
1641.0,625.70654296875
1642.0,620.5940551757812
1643.0,613.4915161132812
1644.0,608.6932373046875
1645.0,609.3278198242188
1646.0,614.5482177734375
1647.0,621.1657104492188
1648.0,627.4151000976562
1649.0,632.5585327148438
1650.0,634.6294555664062
1651.0,633.1590576171875
1652.0,632.4273681640625
1653.0,636.6134643554688
1654.0,643.3553466796875
1655.0,647.6719360351562
1656.0,650.2127075195312
1657.0,655.6019897460938
1658.0,664.3910522460938
1659.0,672.1802368164062
1660.0,675.04541015625
1661.0,671.8208618164062
1662.0,663.75146484375
1663.0,655.1405639648438
1664.0,651.1900024414062
1665.0,652.855224609375
1666.0,656.4411010742188
1667.0,658.7440185546875
1668.0,660.1793212890625
1669.0,663.5003662109375
1670.0,671.0967407226562
1671.0,682.6500854492188
1672.0,695.7867431640625
1673.0,710.356689453125
1674.0,729.5685424804688
1675.0,755.0951538085938
1676.0,785.2962646484375
1677.0,820.7686767578125
1678.0,866.7361450195312
1679.0,926.93603515625
1680.0,999.988525390625
1681.0,1085.579345703125
1682.0,1190.4647216796875
1683.0,1323.433837890625
1684.0,1483.753662109375
1685.0,1654.880615234375
1686.0,1808.9398193359373
1687.0,1919.9775390625
1688.0,1977.0794677734373
1689.0,1984.7628173828125
1690.0,1951.0479736328125
1691.0,1882.11376953125
1692.0,1790.390869140625
1693.0,1695.0054931640625
1694.0,1606.098876953125
1695.0,1520.275146484375
1696.0,1438.338623046875
1697.0,1371.9345703125
1698.0,1324.5174560546875
1699.0,1284.0445556640625
1700.0,1243.7479248046875
1701.0,1211.0345458984375
1702.0,1188.1373291015625
1703.0,1164.635986328125
1704.0,1135.5701904296875
1705.0,1107.2265625
1706.0,1082.2606201171875
1707.0,1057.485595703125
1708.0,1034.612548828125
1709.0,1016.44384765625
1710.0,997.8679809570312
1711.0,974.3331909179688
1712.0,950.8436889648438
1713.0,931.8280029296876
1714.0,911.342041015625
1715.0,881.7373657226562
1716.0,845.548828125
1717.0,813.3114013671875
1718.0,791.2638549804688
1719.0,773.2810668945312
1720.0,748.1168212890625
1721.0,715.8426513671875
1722.0,690.3746948242188
1723.0,681.625
1724.0,683.044921875
1725.0,682.030029296875
1726.0,674.5112915039062
1727.0,663.245361328125
1728.0,649.7044677734375
1729.0,635.2704467773438
1730.0,624.6088256835938
1731.0,620.3239135742188
1732.0,617.756591796875
1733.0,610.326904296875
1734.0,597.4069213867188
1735.0,584.6626586914062
1736.0,579.3438720703125
1737.0,584.2967529296875
1738.0,593.0826416015625
1739.0,593.5513305664062
1740.0,580.0006103515625
1741.0,559.4519653320312
1742.0,543.6640625
1743.0,537.2001953125
1744.0,535.59228515625
1745.0,534.285888671875
1746.0,534.8704223632812
1747.0,538.9651489257812
1748.0,541.7857055664062
1749.0,539.3208618164062
1750.0,535.845458984375
1751.0,536.4209594726562
1752.0,539.3124389648438
1753.0,541.645263671875
1754.0,543.0940551757812
1755.0,541.1674194335938
1756.0,533.7388305664062
1757.0,526.1360473632812
1758.0,525.2023315429688
1759.0,529.08154296875
1760.0,531.6768798828125
1761.0,532.4139404296875
1762.0,534.1446533203125
1763.0,536.174560546875
1764.0,535.1334838867188
1765.0,529.6888427734375
1766.0,521.5541381835938
1767.0,514.43896484375
1768.0,512.6242065429688
1769.0,517.0907592773438
1770.0,523.0510864257812
1771.0,525.2649536132812
1772.0,524.76025390625
1773.0,525.8320922851562
1774.0,529.2510986328125
1775.0,533.7615356445312
1776.0,539.2942504882812
1777.0,542.534423828125
1778.0,536.3411254882812
1779.0,521.1153564453125
1780.0,509.50042724609375
1781.0,511.3559265136719
1782.0,520.4105224609375
1783.0,524.498046875
1784.0,523.039794921875
1785.0,523.533935546875
1786.0,525.6702880859375
1787.0,522.6316528320312
1788.0,515.8919677734375
1789.0,514.9819946289062
1790.0,523.6500244140625
1791.0,536.93701171875
1792.0,548.6107788085938
1793.0,553.2831420898438
1794.0,546.8131713867188
1795.0,531.2073364257812
1796.0,514.4954223632812
1797.0,503.4869079589844
1798.0,500.6907653808594
1799.0,505.7412109375
1800.0,513.7857055664062
1801.0,516.5888671875
1802.0,512.1282958984375
1803.0,508.01177978515625
1804.0,509.0208129882813
1805.0,509.2671813964844
1806.0,503.7918090820313
1807.0,497.8446350097656
1808.0,497.8337097167969
1809.0,503.2914123535156
1810.0,511.9365539550781
1811.0,522.6431274414062
1812.0,531.5055541992188
1813.0,532.9153442382812
1814.0,525.855224609375
1815.0,515.6273803710938
1816.0,508.60882568359375
1817.0,505.5614318847656
1818.0,501.8806762695313
1819.0,496.0736083984375
1820.0,493.8186950683594
1821.0,499.4149169921875
1822.0,508.229248046875
1823.0,513.6951904296875
1824.0,516.6437377929688
1825.0,520.7723388671875
1826.0,524.3078002929688
1827.0,522.692626953125
1828.0,514.561767578125
1829.0,502.6692504882813
1830.0,493.6666564941406
1831.0,493.7076416015625
1832.0,500.8711242675781
1833.0,508.39056396484375
1834.0,512.8897705078125
1835.0,512.168212890625
1836.0,505.2197570800781
1837.0,500.0188598632813
1838.0,506.8879089355469
1839.0,523.1419067382812
1840.0,535.5569458007812
1841.0,533.0968017578125
1842.0,515.6405029296875
1843.0,498.74267578125
1844.0,499.1720886230469
1845.0,509.5956115722656
1846.0,535.3915405273438
1847.0,551.8245239257812
1848.0,542.3795166015625
1849.0,535.1359252929688
1850.0,531.19873046875
1851.0,531.894775390625
1852.0,538.1634521484375
1853.0,548.40966796875
1854.0,557.9422607421875
1855.0,561.6422119140625
1856.0,557.616455078125
1857.0,548.1650390625
1858.0,537.2720336914062
1859.0,527.5677490234375
1860.0,519.830810546875
1861.0,514.6888427734375
1862.0,513.6262817382812
1863.0,517.7671508789062
1864.0,526.1052856445312
1865.0,535.6284790039062
1866.0,543.3267822265625
1867.0,547.8617553710938
1868.0,549.4788208007812
1869.0,549.0443725585938
1870.0,547.5978393554688
1871.0,546.2774658203125
1872.0,545.708984375
1873.0,545.2244873046875
1874.0,543.3352661132812
1875.0,539.5150146484375
1876.0,535.2255859375
1877.0,532.5880126953125
1878.0,532.0457763671875
1879.0,531.914794921875
1880.0,530.5549926757812
1881.0,528.6437377929688
1882.0,528.78955078125
1883.0,532.7295532226562
1884.0,538.9509887695312
1885.0,543.0322265625
1886.0,540.4440307617188
1887.0,529.7388916015625
1888.0,514.065673828125
1889.0,500.0060424804688
1890.0,494.1198425292969
1891.0,499.0611267089844
1892.0,511.8832092285156
1893.0,526.0128784179688
1894.0,535.5989379882812
1895.0,538.8485107421875
1896.0,537.8230590820312
1897.0,535.4403076171875
1898.0,532.9096069335938
1899.0,529.9244995117188
1900.0,526.67724609375
1901.0,524.8313598632812
1902.0,526.1671752929688
1903.0,530.6817626953125
1904.0,536.6171875
1905.0,542.3013305664062
1906.0,547.228759765625
1907.0,550.8699340820312
1908.0,551.065673828125
1909.0,544.9811401367188
1910.0,532.5364990234375
1911.0,518.5286865234375
1912.0,510.1658020019531
1913.0,511.4422302246094
1914.0,519.5774536132812
1915.0,527.2173461914062
1916.0,528.5946044921875
1917.0,523.9725341796875
1918.0,518.3910522460938
1919.0,516.2727661132812
1920.0,517.289794921875
1921.0,517.3150634765625
1922.0,513.0662231445312
1923.0,505.5874633789063
1924.0,499.3318786621094
1925.0,498.2125549316406
1926.0,502.6292419433594
1927.0,509.8465881347656
1928.0,516.6005859375
1929.0,521.193603515625
1930.0,523.59912109375
1931.0,524.2500610351562
1932.0,523.1158447265625
1933.0,520.0223999023438
1934.0,515.8070678710938
1935.0,512.9100952148438
1936.0,514.2377319335938
1937.0,520.7333984375
1938.0,529.7735595703125
1939.0,536.3545532226562
1940.0,536.6865234375
1941.0,531.3643798828125
1942.0,525.274169921875
1943.0,524.0146484375
1944.0,529.5772705078125
1945.0,538.7815551757812
1946.0,545.824951171875
1947.0,546.8631591796875
1948.0,542.6377563476562
1949.0,536.8406982421875
1950.0,532.0397338867188
1951.0,527.5049438476562
1952.0,521.16064453125
1953.0,513.1953125
1954.0,506.9949951171875
1955.0,506.2407531738281
1956.0,511.3230895996094
1957.0,518.6489868164062
1958.0,523.12890625
1959.0,521.4842529296875
1960.0,514.2620239257812
1961.0,505.7271423339844
1962.0,501.4444885253906
1963.0,504.44140625
1964.0,512.7799072265625
1965.0,521.2866821289062
1966.0,526.2313232421875
1967.0,527.9307250976562
1968.0,528.3381958007812
1969.0,527.1143798828125
1970.0,521.9865112304688
1971.0,513.39013671875
1972.0,506.8090515136719
1973.0,508.3487243652344
1974.0,517.9652099609375
1975.0,528.6870727539062
1976.0,533.322021484375
1977.0,531.0278930664062
1978.0,526.488525390625
1979.0,523.662109375
1980.0,522.1879272460938
1981.0,520.1200561523438
1982.0,518.1522827148438
1983.0,519.0947265625
1984.0,523.3179321289062
1985.0,526.6027221679688
1986.0,523.8876342773438
1987.0,514.8536987304688
1988.0,504.8175659179688
1989.0,499.8750305175781
1990.0,501.6727600097656
1991.0,507.04046630859375
1992.0,511.8993225097656
1993.0,514.640869140625
1994.0,515.9142456054688
1995.0,516.379638671875
1996.0,515.7389526367188
1997.0,513.8661499023438
1998.0,511.8894348144531
1999.0,511.3097534179688
2000.0,512.0281982421875
2001.0,511.8573303222656
2002.0,508.5509033203125
2003.0,502.37396240234375
2004.0,496.3069763183594
2005.0,493.4021606445313
2006.0,493.9833068847656
2007.0,495.65673828125
2008.0,496.0383911132813
2009.0,495.1475830078125
2010.0,494.9480590820313
2011.0,496.8411865234375
2012.0,500.1201171875
2013.0,503.0223693847656
2014.0,504.8706665039063
2015.0,506.6166687011719
2016.0,509.1842041015625
2017.0,511.7985229492188
2018.0,512.6040649414062
2019.0,511.0350036621094
2020.0,508.9504089355469
2021.0,508.7262573242188
2022.0,510.3070068359375
2023.0,510.97021484375
2024.0,508.5077819824219
2025.0,504.0546569824219
2026.0,500.8326416015625
2027.0,500.202392578125
2028.0,500.1724243164063
2029.0,498.5397338867188
2030.0,496.5846862792969
2031.0,498.0774230957031
2032.0,504.3104553222656
2033.0,511.3706359863281
2034.0,513.5155639648438
2035.0,509.0758972167969
2036.0,502.1575317382813
2037.0,498.39251708984375
2038.0,499.6861572265625
2039.0,503.3435974121094
2040.0,505.4407653808594
2041.0,504.07708740234375
2042.0,499.69720458984375
2043.0,493.7998046875
2044.0,488.4334411621094
2045.0,486.333984375
2046.0,489.8271789550781
2047.0,498.5210266113281
2048.0,508.53814697265625
2049.0,515.1345825195312
2050.0,516.4598999023438
2051.0,514.3187866210938
2052.0,511.2474365234375
2053.0,507.9407348632813
2054.0,504.5164184570313
2055.0,503.41900634765625
2056.0,508.6398620605469
2057.0,520.5565795898438
2058.0,532.6754150390625
2059.0,535.9771728515625
2060.0,527.62744140625
2061.0,514.418701171875
2062.0,506.4267578125
2063.0,507.5158081054688
2064.0,512.8421630859375
2065.0,515.1104736328125
2066.0,511.6911315917969
2067.0,505.315673828125
2068.0,499.689208984375
2069.0,496.333984375
2070.0,495.2560119628906
2071.0,496.4986877441406
2072.0,499.8795166015625
2073.0,504.1713562011719
2074.0,507.8490905761719
2075.0,510.4656066894531
2076.0,512.3082885742188
2077.0,512.7540893554688
2078.0,510.2359008789063
2079.0,504.6764831542969
2080.0,499.2970886230469
2081.0,498.6802368164063
2082.0,504.4191589355469
2083.0,513.0330200195312
2084.0,518.7266235351562
2085.0,518.3441162109375
2086.0,513.5030517578125
2087.0,508.0325622558594
2088.0,503.9388732910156
2089.0,500.4607238769531
2090.0,496.8289489746094
2091.0,494.728515625
2092.0,496.8538208007813
2093.0,503.0924682617188
2094.0,509.3527526855469
2095.0,511.1503601074219
2096.0,508.1684875488281
2097.0,504.5735473632813
2098.0,504.773681640625
2099.0,509.3856201171875
2100.0,515.3673095703125
2101.0,519.2301635742188
2102.0,519.4346923828125
2103.0,516.2081298828125
2104.0,510.404296875
2105.0,503.3199157714844
2106.0,497.07080078125
2107.0,493.9765319824219
2108.0,494.9515075683594
2109.0,498.6945190429688
2110.0,502.7559509277344
2111.0,505.2456665039063
2112.0,505.3406982421875
2113.0,502.7369384765625
2114.0,497.6791076660156
2115.0,491.766357421875
2116.0,487.71978759765625
2117.0,487.47552490234375
2118.0,490.9674987792969
2119.0,497.55218505859375
2120.0,507.79205322265625
2121.0,521.8912353515625
2122.0,536.1432495117188
2123.0,543.4352416992188
2124.0,539.7120361328125
2125.0,529.373779296875
2126.0,521.8419189453125
2127.0,522.015625
2128.0,525.7172241210938
2129.0,525.5482788085938
2130.0,519.7394409179688
2131.0,513.3923950195312
2132.0,511.6526184082031
2133.0,513.930908203125
2134.0,515.5198974609375
2135.0,513.1903076171875
2136.0,507.7295227050781
2137.0,501.79931640625
2138.0,497.1287841796875
2139.0,494.1770629882813
2140.0,493.2240295410156
2141.0,494.6573791503906
2142.0,498.4324340820313
2143.0,504.03228759765625
2144.0,510.9528503417969
2145.0,518.4551391601562
2146.0,524.5001220703125
2147.0,525.811279296875
2148.0,520.4686889648438
2149.0,511.0753784179688
2150.0,504.4302673339844
2151.0,506.4230041503906
2152.0,516.4099731445312
2153.0,527.0770263671875
2154.0,530.646240234375
2155.0,525.4951171875
2156.0,516.8036499023438
2157.0,511.3494873046875
2158.0,512.203857421875
2159.0,517.7048950195312
2160.0,523.7938232421875
2161.0,526.6024169921875
2162.0,524.1343994140625
2163.0,517.29052734375
2164.0,509.5022583007813
2165.0,504.27392578125
2166.0,502.51409912109375
2167.0,502.6035461425781
2168.0,502.9585571289063
2169.0,503.631103515625
2170.0,505.2423400878906
2171.0,507.5888977050781
2172.0,510.1927185058594
2173.0,513.3092651367188
2174.0,517.0704956054688
2175.0,520.0657348632812
2176.0,520.3494873046875
2177.0,518.131103515625
2178.0,516.1264038085938
2179.0,516.50537109375
2180.0,518.35595703125
2181.0,518.9125366210938
2182.0,516.6369018554688
2183.0,512.4326782226562
2184.0,508.61767578125
2185.0,507.6428527832031
2186.0,510.9584655761719
2187.0,517.4439086914062
2188.0,523.0258178710938
2189.0,523.6521606445312
2190.0,519.46240234375
2191.0,514.8736572265625
2192.0,513.754638671875
2193.0,515.6932983398438
2194.0,518.1681518554688
2195.0,521.0238037109375
2196.0,526.2435302734375
2197.0,533.1337280273438
2198.0,536.4827270507812
2199.0,531.7219848632812
2200.0,521.0524291992188
2201.0,512.1244506835938
2202.0,509.96820068359375
2203.0,511.51861572265625
2204.0,509.083740234375
2205.0,498.6656799316406
2206.0,484.1925354003906
2207.0,474.2091369628906
2208.0,475.4270629882813
2209.0,488.8930969238281
2210.0,510.1886291503906
2211.0,531.7945556640625
2212.0,546.2031860351562
2213.0,549.2244262695312
2214.0,541.9490966796875
2215.0,529.5145263671875
2216.0,517.4296875
2217.0,508.8620300292969
2218.0,504.9160461425781
2219.0,506.11865234375
2220.0,512.489013671875
2221.0,522.6013793945312
2222.0,533.8330078125
2223.0,543.7230834960938
2224.0,550.273681640625
2225.0,551.123291015625
2226.0,544.2723999023438
2227.0,530.9174194335938
2228.0,516.5570068359375
2229.0,507.4935302734375
2230.0,506.0601806640625
2231.0,510.214111328125
2232.0,517.4157104492188
2233.0,527.100341796875
2234.0,538.8068237304688
2235.0,549.72119140625
2236.0,555.9607543945312
2237.0,556.142333984375
2238.0,552.6339111328125
2239.0,549.237060546875
2240.0,548.0863037109375
2241.0,548.3343505859375
2242.0,547.0845336914062
2243.0,542.09765625
2244.0,534.7362060546875
2245.0,530.029296875
2246.0,532.3827514648438
2247.0,540.7713012695312
2248.0,549.2086181640625
2249.0,552.43017578125
2250.0,550.116455078125
2251.0,545.1306762695312
2252.0,539.2945556640625
2253.0,532.63720703125
2254.0,526.0065307617188
2255.0,522.1419677734375
2256.0,523.49267578125
2257.0,530.1390991210938
2258.0,540.1509399414062
2259.0,550.4810791015625
2260.0,556.7982788085938
2261.0,554.475830078125
2262.0,542.4611206054688
2263.0,526.3567504882812
2264.0,515.5339965820312
2265.0,515.6175537109375
2266.0,524.00244140625
2267.0,533.1738891601562
2268.0,537.9175415039062
2269.0,538.9129638671875
2270.0,540.1168212890625
2271.0,543.8131713867188
2272.0,548.412109375
2273.0,550.476806640625
2274.0,548.4336547851562
2275.0,544.1166381835938
2276.0,540.598876953125
2277.0,538.8482055664062
2278.0,537.1851806640625
2279.0,534.020751953125
2280.0,530.170654296875
2281.0,528.0095825195312
2282.0,529.259521484375
2283.0,534.3804321289062
2284.0,543.130859375
2285.0,554.1560668945312
2286.0,564.2788696289062
2287.0,570.047607421875
2288.0,570.9713745117188
2289.0,570.465576171875
2290.0,572.6240844726562
2291.0,577.9852294921875
2292.0,582.7398071289062
2293.0,582.1390380859375
2294.0,574.8133544921875
2295.0,564.07275390625
2296.0,555.0784301757812
2297.0,550.670166015625
2298.0,549.9923706054688
2299.0,550.890380859375
2300.0,552.6857299804688
2301.0,556.1066284179688
2302.0,561.5286865234375
2303.0,568.6101684570312
2304.0,577.2303466796875
2305.0,587.1083374023438
2306.0,596.0531005859375
2307.0,600.0383911132812
2308.0,596.3992919921875
2309.0,586.9027709960938
2310.0,576.921630859375
2311.0,571.1784057617188
2312.0,570.1705322265625
2313.0,570.636474609375
2314.0,569.4898071289062
2315.0,567.228515625
2316.0,567.2034301757812
2317.0,571.5350952148438
2318.0,578.402587890625
2319.0,583.7970581054688
2320.0,585.3369140625
2321.0,583.6629638671875
2322.0,580.7469482421875
2323.0,578.1570434570312
2324.0,577.0189208984375
2325.0,578.3905639648438
2326.0,582.9216918945312
2327.0,590.5133666992188
2328.0,600.4154052734375
2329.0,610.9201049804688
2330.0,618.755126953125
2331.0,619.9202880859375
2332.0,612.3511962890625
2333.0,597.8372802734375
2334.0,580.9332275390625
2335.0,566.222412109375
2336.0,556.8950805664062
2337.0,554.9457397460938
2338.0,560.8189086914062
2339.0,571.9967041015625
2340.0,583.0048217773438
2341.0,588.519287109375
2342.0,587.24755859375
2343.0,582.549072265625
2344.0,578.9431762695312
2345.0,577.96826171875
2346.0,577.3758544921875
2347.0,574.115478515625
2348.0,567.8431396484375
2349.0,561.411865234375
2350.0,558.196533203125
2351.0,559.5673828125
2352.0,565.1135864257812
2353.0,574.0404663085938
2354.0,584.6708374023438
2355.0,593.099853515625
2356.0,595.2206420898438
2357.0,591.6776123046875
2358.0,588.7544555664062
2359.0,591.7850341796875
2360.0,598.7721557617188
2361.0,603.4732666015625
2362.0,604.2232055664062
2363.0,605.5418701171875
2364.0,609.4182739257812
2365.0,608.918701171875
2366.0,594.7181396484375
2367.0,567.3251342773438
2368.0,539.4447631835938
2369.0,525.3237915039062
2370.0,529.2927856445312
2371.0,544.6425170898438
2372.0,561.0604858398438
2373.0,571.7305297851562
2374.0,575.2304077148438
2375.0,573.6930541992188
2376.0,570.3092041015625
2377.0,567.67138671875
2378.0,567.0814208984375
2379.0,568.437744140625
2380.0,570.4666137695312
2381.0,571.5609741210938
2382.0,571.1470947265625
2383.0,570.2537231445312
2384.0,570.2021484375
2385.0,570.8197021484375
2386.0,570.678955078125
2387.0,569.134033203125
2388.0,567.1952514648438
2389.0,566.107666015625
2390.0,566.1188354492188
2391.0,567.286376953125
2392.0,570.301025390625
2393.0,575.00634765625
2394.0,578.5806274414062
2395.0,577.1029663085938
2396.0,569.7262573242188
2397.0,560.2736206054688
2398.0,553.7843627929688
2399.0,552.001953125
2400.0,553.003662109375
2401.0,554.5072021484375
2402.0,555.9613647460938
2403.0,557.392822265625
2404.0,558.240478515625
2405.0,558.785400390625
2406.0,561.4808959960938
2407.0,568.6375122070312
2408.0,578.7897338867188
2409.0,587.2794799804688
2410.0,590.9825439453125
2411.0,590.8123168945312
2412.0,588.7978515625
2413.0,584.61474609375
2414.0,576.9703979492188
2415.0,567.667724609375
2416.0,562.15087890625
2417.0,565.0997314453125
2418.0,575.7222900390625
2419.0,587.5127563476562
2420.0,592.9725952148438
2421.0,589.748291015625
2422.0,582.9930419921875
2423.0,581.1071166992188
2424.0,588.0914306640625
2425.0,599.8121948242188
2426.0,607.8687133789062
2427.0,606.990478515625
2428.0,598.8856201171875
2429.0,589.8073120117188
2430.0,585.0416870117188
2431.0,585.4039306640625
2432.0,588.2625732421875
2433.0,591.3011474609375
2434.0,594.794921875
2435.0,600.1405029296875
2436.0,606.7517700195312
2437.0,611.1408081054688
2438.0,609.482666015625
2439.0,601.5770263671875
2440.0,592.7280883789062
2441.0,590.963623046875
2442.0,600.4053955078125
2443.0,616.2518310546875
2444.0,627.346435546875
2445.0,625.4149780273438
2446.0,612.4585571289062
2447.0,599.0777587890625
2448.0,595.5515747070312
2449.0,604.04296875
2450.0,618.2752685546875
2451.0,629.8994750976562
2452.0,635.257080078125
2453.0,636.4763793945312
2454.0,636.8656005859375
2455.0,636.7435913085938
2456.0,634.632568359375
2457.0,631.2120361328125
2458.0,629.7373657226562
2459.0,631.9547729492188
2460.0,635.1527099609375
2461.0,634.6473388671875
2462.0,629.080322265625
2463.0,622.4267578125
2464.0,620.2259521484375
2465.0,624.0311889648438
2466.0,630.453125
2467.0,636.0365600585938
2468.0,641.4380493164062
2469.0,648.6506958007812
2470.0,655.2008056640625
2471.0,655.0372924804688
2472.0,646.463134765625
2473.0,635.6266479492188
2474.0,629.50830078125
2475.0,628.2796020507812
2476.0,627.9583129882812
2477.0,628.0615844726562
2478.0,631.6825561523438
2479.0,638.8617553710938
2480.0,645.2352905273438
2481.0,648.4197387695312
2482.0,651.4042358398438
2483.0,657.51025390625
2484.0,665.080322265625
2485.0,669.3729248046875
2486.0,667.7584228515625
2487.0,661.6110229492188
2488.0,655.0608520507812
2489.0,652.931884765625
2490.0,657.3561401367188
2491.0,664.5667724609375
2492.0,666.8712768554688
2493.0,659.6688232421875
2494.0,645.6889038085938
2495.0,631.8551025390625
2496.0,623.8438110351562
2497.0,624.0443725585938
2498.0,631.5179443359375
2499.0,641.5506591796875
2500.0,647.47509765625
2501.0,646.1253051757812
2502.0,641.0584106445312
2503.0,638.2805786132812
2504.0,639.3969116210938
2505.0,641.5072631835938
2506.0,643.9815063476562
2507.0,652.1082153320312
2508.0,671.0244140625
2509.0,696.5889282226562
2510.0,715.5682983398438
2511.0,717.2207641601562
2512.0,703.8076782226562
2513.0,687.7328491210938
2514.0,679.031982421875
2515.0,678.1519775390625
2516.0,680.5625610351562
2517.0,684.1229248046875
2518.0,689.3297119140625
2519.0,695.0958862304688
2520.0,698.2113647460938
2521.0,696.81005859375
2522.0,692.024169921875
2523.0,686.352783203125
2524.0,682.1768188476562
2525.0,681.3821411132812
2526.0,684.2452392578125
2527.0,688.443115234375
2528.0,690.7172241210938
2529.0,689.8495483398438
2530.0,687.390869140625
2531.0,686.2726440429688
2532.0,689.7871704101562
2533.0,700.42431640625
2534.0,717.15576171875
2535.0,734.17529296875
2536.0,744.7460327148438
2537.0,746.8815307617188
2538.0,744.2125854492188
2539.0,741.941162109375
2540.0,743.526611328125
2541.0,749.7362670898438
2542.0,757.145263671875
2543.0,757.6621704101562
2544.0,744.7167358398438
2545.0,723.3587036132812
2546.0,710.9714965820312
2547.0,722.3982543945312
2548.0,753.8285522460938
2549.0,785.2396240234375
2550.0,799.9892578125
2551.0,798.3788452148438
2552.0,790.371826171875
2553.0,780.4703979492188
2554.0,765.8766479492188
2555.0,747.0258178710938
2556.0,731.7714233398438
2557.0,726.8616943359375
2558.0,730.5816040039062
2559.0,736.7631225585938
2560.0,742.3722534179688
2561.0,748.4346313476562
2562.0,756.264404296875
2563.0,765.2501220703125
2564.0,772.8818359375
2565.0,776.4031982421875
2566.0,776.3998413085938
2567.0,777.8596801757812
2568.0,784.1527099609375
2569.0,791.0891723632812
2570.0,791.8048095703125
2571.0,786.7954711914062
2572.0,783.2109985351562
2573.0,784.0398559570312
2574.0,784.341064453125
2575.0,779.674560546875
2576.0,772.5035400390625
2577.0,767.797119140625
2578.0,766.6935424804688
2579.0,767.3009643554688
2580.0,769.0293579101562
2581.0,773.1928100585938
2582.0,778.995361328125
2583.0,779.9137573242188
2584.0,767.3743286132812
2585.0,742.1838989257812
2586.0,720.0670166015625
2587.0,717.8629150390625
2588.0,732.9024047851562
2589.0,744.4105834960938
2590.0,738.5612182617188
2591.0,723.5283203125
2592.0,714.5257568359375
2593.0,712.5173950195312
2594.0,706.5330810546875
2595.0,692.34228515625
2596.0,679.4403076171875
2597.0,679.2702026367188
2598.0,691.981201171875
2599.0,706.1524047851562
2600.0,709.6026611328125
2601.0,700.3938598632812
2602.0,688.0161743164062
2603.0,683.3168334960938
2604.0,687.6661987304688
2605.0,693.4246826171875
2606.0,694.09326171875
2607.0,690.8768310546875
2608.0,688.8283081054688
2609.0,689.7404174804688
2610.0,691.1880493164062
2611.0,691.226806640625
2612.0,691.3482055664062
2613.0,694.0953369140625
2614.0,699.4420776367188
2615.0,705.1336669921875
2616.0,709.7938842773438
2617.0,713.6380004882812
2618.0,716.4765625
2619.0,717.7842407226562
2620.0,719.0077514648438
2621.0,722.1459350585938
2622.0,724.5628051757812
2623.0,719.548828125
2624.0,705.8244018554688
2625.0,693.2839965820312
2626.0,694.0
2627.0,708.2222900390625
2628.0,723.8623046875
2629.0,730.0807495117188
2630.0,727.466064453125
2631.0,723.8681030273438
2632.0,724.150146484375
2633.0,726.97509765625
2634.0,729.9497680664062
2635.0,734.3095092773438
2636.0,743.1493530273438
2637.0,756.4042358398438
2638.0,769.453125
2639.0,776.9635009765625
2640.0,777.10693359375
2641.0,771.8298950195312
2642.0,764.5593872070312
2643.0,759.051025390625
2644.0,759.5811157226562
2645.0,769.3773803710938
2646.0,786.536865234375
2647.0,802.1541137695312
2648.0,805.7867431640625
2649.0,795.24267578125
2650.0,780.2222900390625
2651.0,774.3448486328125
2652.0,782.9639892578125
2653.0,798.5717163085938
2654.0,807.4307861328125
2655.0,801.3493041992188
2656.0,784.662841796875
2657.0,769.4832763671875
2658.0,763.1951904296875
2659.0,762.339599609375
2660.0,759.9736328125
2661.0,755.202880859375
2662.0,751.9052124023438
2663.0,751.4315185546875
2664.0,751.6248168945312
2665.0,752.1080932617188
2666.0,757.3370361328125
2667.0,774.2158203125
2668.0,805.77294921875
2669.0,844.2174682617188
2670.0,871.7594604492188
2671.0,874.1621704101562
2672.0,854.7023315429688
2673.0,831.2897338867188
2674.0,820.0744018554688
2675.0,824.7560424804688
2676.0,839.0070190429688
2677.0,853.221435546875
2678.0,859.1664428710938
2679.0,854.0684204101562
2680.0,843.1553344726562
2681.0,836.0640258789062
2682.0,838.38232421875
2683.0,847.2260131835938
2684.0,856.4651489257812
2685.0,864.6652221679688
2686.0,873.8377685546875
2687.0,880.8124389648438
2688.0,876.9716186523438
2689.0,860.4832153320312
2690.0,843.2042236328125
2691.0,839.9396362304688
2692.0,853.7781372070312
2693.0,874.9326782226562
2694.0,889.8643188476562
2695.0,889.2930297851562
2696.0,872.9476318359375
2697.0,850.5481567382812
2698.0,834.6435546875
2699.0,829.5131225585938
2700.0,828.9738159179688
2701.0,825.6251831054688
2702.0,819.2555541992188
2703.0,814.9710693359375
2704.0,815.3634643554688
2705.0,817.3204956054688
2706.0,817.4752807617188
2707.0,818.52001953125
2708.0,826.1658935546875
2709.0,839.39697265625
2710.0,847.6693115234375
2711.0,840.4212646484375
2712.0,818.9119873046875
2713.0,798.0764770507812
2714.0,794.8919067382812
2715.0,812.0535278320312
2716.0,835.21484375
2717.0,850.9277954101562
2718.0,862.5650024414062
2719.0,879.7850952148438
2720.0,898.4068603515625
2721.0,904.884033203125
2722.0,897.25146484375
2723.0,886.2872924804688
2724.0,878.1455688476562
2725.0,871.2264404296875
2726.0,868.2347412109375
2727.0,875.5108642578125
2728.0,890.51220703125
2729.0,903.4788818359376
2730.0,911.8439331054688
2731.0,922.3046875
2732.0,938.7803955078124
2733.0,956.8065795898438
2734.0,969.9542846679688
2735.0,976.7384033203124
2736.0,982.1708374023438
2737.0,994.908935546875
2738.0,1020.5248413085938
2739.0,1056.4027099609375
2740.0,1095.1414794921875
2741.0,1131.0296630859375
2742.0,1159.8328857421875
2743.0,1177.0198974609375
2744.0,1184.4554443359375
2745.0,1197.284912109375
2746.0,1234.359619140625
2747.0,1297.2723388671875
2748.0,1363.48828125
2749.0,1405.7784423828125
2750.0,1418.19775390625
2751.0,1419.3485107421875
2752.0,1430.6513671875
2753.0,1456.5438232421875
2754.0,1486.6966552734375
2755.0,1510.7603759765625
2756.0,1527.184326171875
2757.0,1541.71630859375
2758.0,1558.962890625
2759.0,1573.00732421875
2760.0,1570.8804931640625
2761.0,1551.971923828125
2762.0,1537.24951171875
2763.0,1548.427490234375
2764.0,1582.924072265625
2765.0,1619.01806640625
2766.0,1639.78857421875
2767.0,1643.795654296875
2768.0,1640.6802978515625
2769.0,1647.033935546875
2770.0,1681.814208984375
2771.0,1755.5377197265625
2772.0,1861.13037109375
2773.0,1977.356201171875
2774.0,2085.23779296875
2775.0,2184.164306640625
2776.0,2288.3779296875
2777.0,2406.2080078125
2778.0,2532.063232421875
2779.0,2659.30615234375
2780.0,2782.056396484375
2781.0,2881.04052734375
2782.0,2934.392578125
2783.0,2949.48291015625
2784.0,2953.4951171875
2785.0,2945.91455078125
2786.0,2898.265869140625
2787.0,2812.178466796875
2788.0,2737.529052734375
2789.0,2714.56689453125
2790.0,2729.191162109375
2791.0,2740.58740234375
2792.0,2727.80224609375
2793.0,2697.816162109375
2794.0,2667.169189453125
2795.0,2644.674072265625
2796.0,2624.788818359375
2797.0,2600.293701171875
2798.0,2583.102783203125
2799.0,2596.607421875
2800.0,2640.753662109375
2801.0,2683.790283203125
2802.0,2699.405029296875
2803.0,2696.192626953125
2804.0,2700.660400390625
2805.0,2725.40576171875
2806.0,2764.11376953125
2807.0,2805.59326171875
2808.0,2839.60595703125
2809.0,2855.47314453125
2810.0,2849.704833984375
2811.0,2835.5498046875
2812.0,2832.206787109375
2813.0,2840.729248046875
2814.0,2842.013427734375
2815.0,2822.9521484375
2816.0,2792.84912109375
2817.0,2770.035400390625
2818.0,2764.021484375
2819.0,2772.799072265625
2820.0,2786.738525390625
2821.0,2798.04931640625
2822.0,2817.772705078125
2823.0,2873.6552734375
2824.0,2975.21435546875
2825.0,3092.811767578125
2826.0,3190.381103515625
2827.0,3268.168701171875
2828.0,3355.77197265625
2829.0,3475.96240234375
2830.0,3633.793701171875
2831.0,3826.7265625
2832.0,4041.845458984375
2833.0,4252.50439453125
2834.0,4442.166015625
2835.0,4627.92236328125
2836.0,4839.91845703125
2837.0,5081.380859375
2838.0,5329.26318359375
2839.0,5571.20166015625
2840.0,5822.65625
2841.0,6109.72216796875
2842.0,6448.8583984375
2843.0,6835.89697265625
2844.0,7241.03564453125
2845.0,7624.14697265625
2846.0,7969.81884765625
2847.0,8302.845703125
2848.0,8661.0634765625
2849.0,9054.28125
2850.0,9449.46875
2851.0,9795.25390625
2852.0,10067.064453125
2853.0,10287.8857421875
2854.0,10494.779296875
2855.0,10689.53125
2856.0,10840.3154296875
2857.0,10930.7509765625
2858.0,10986.69921875
2859.0,11049.365234375
2860.0,11134.8037109375
2861.0,11220.4697265625
2862.0,11259.8447265625
2863.0,11215.9990234375
2864.0,11099.4453125
2865.0,10969.4912109375
2866.0,10879.4580078125
2867.0,10826.0732421875
2868.0,10767.9970703125
2869.0,10673.57421875
2870.0,10528.3681640625
2871.0,10332.41015625
2872.0,10130.2802734375
2873.0,10003.6025390625
2874.0,9975.759765625
2875.0,9953.5419921875
2876.0,9824.9482421875
2877.0,9596.6181640625
2878.0,9376.5458984375
2879.0,9230.7265625
2880.0,9115.9609375
2881.0,8965.1396484375
2882.0,8789.3798828125
2883.0,8660.92578125
2884.0,8615.68359375
2885.0,8608.8916015625
2886.0,8567.974609375
2887.0,8462.75
2888.0,8314.482421875
2889.0,8156.2099609375
2890.0,8001.958984375
2891.0,7846.8525390625
2892.0,7679.791015625
2893.0,7494.66015625
2894.0,7302.79052734375
2895.0,7140.14697265625
2896.0,7049.78515625
2897.0,7043.3369140625
2898.0,7081.63916015625
2899.0,7103.17431640625
2900.0,7071.78466796875
2901.0,6991.7724609375
2902.0,6888.7451171875
2903.0,6796.77490234375
2904.0,6754.833984375
2905.0,6778.359375
2906.0,6825.67724609375
2907.0,6825.1416015625
2908.0,6753.033203125
2909.0,6666.77587890625
2910.0,6646.83935546875
2911.0,6710.28466796875
2912.0,6789.3662109375
2913.0,6803.3359375
2914.0,6746.96044921875
2915.0,6684.79443359375
2916.0,6663.85986328125
2917.0,6677.85888671875
2918.0,6716.80615234375
2919.0,6787.62158203125
2920.0,6872.19287109375
2921.0,6925.08154296875
2922.0,6929.24609375
2923.0,6913.18505859375
2924.0,6913.9326171875
2925.0,6954.55859375
2926.0,7040.4306640625
2927.0,7148.263671875
2928.0,7241.02978515625
2929.0,7317.162109375
2930.0,7420.921875
2931.0,7580.572265625
2932.0,7754.13671875
2933.0,7865.16943359375
2934.0,7895.0849609375
2935.0,7916.47412109375
2936.0,8017.8818359375
2937.0,8214.5498046875
2938.0,8453.8203125
2939.0,8681.5048828125
2940.0,8870.544921875
2941.0,9011.7509765625
2942.0,9115.748046875
2943.0,9206.7421875
2944.0,9287.7841796875
2945.0,9330.39453125
2946.0,9314.853515625
2947.0,9264.2548828125
2948.0,9230.8369140625
2949.0,9252.5458984375
2950.0,9315.0361328125
2951.0,9363.3916015625
2952.0,9366.2470703125
2953.0,9334.9599609375
2954.0,9252.046875
2955.0,9052.05078125
2956.0,8736.5146484375
2957.0,8428.9755859375
2958.0,8233.95703125
2959.0,8110.80419921875
2960.0,7957.60888671875
2961.0,7747.525390625
2962.0,7520.83154296875
2963.0,7307.50830078125
2964.0,7105.25341796875
2965.0,6893.064453125
2966.0,6650.56396484375
2967.0,6387.8955078125
2968.0,6144.06494140625
2969.0,5945.71435546875
2970.0,5793.85107421875
2971.0,5678.373046875
2972.0,5570.78271484375
2973.0,5438.28662109375
2974.0,5299.76806640625
2975.0,5212.10595703125
2976.0,5175.8916015625
2977.0,5124.67236328125
2978.0,5021.0546875
2979.0,4898.28271484375
2980.0,4818.06689453125
2981.0,4833.5087890625
2982.0,4943.86328125
2983.0,5051.72216796875
2984.0,5041.2236328125
2985.0,4921.94091796875
2986.0,4819.87060546875
2987.0,4828.896484375
2988.0,4939.763671875
2989.0,5086.40234375
2990.0,5197.04541015625
2991.0,5230.11083984375
2992.0,5206.23681640625
2993.0,5187.97314453125
2994.0,5215.67822265625
2995.0,5276.3603515625
2996.0,5326.18798828125
2997.0,5328.1484375
2998.0,5272.2958984375
2999.0,5170.84814453125
3000.0,5048.41552734375
3001.0,4934.7666015625
3002.0,4838.60107421875
3003.0,4735.73291015625
3004.0,4621.54150390625
3005.0,4542.69775390625
3006.0,4518.794921875
3007.0,4478.427734375
3008.0,4340.13623046875
3009.0,4117.59423828125
3010.0,3898.2177734375
3011.0,3748.030029296875
3012.0,3657.084716796875
3013.0,3566.771240234375
3014.0,3447.08154296875
3015.0,3316.015380859375
3016.0,3168.662841796875
3017.0,2965.4169921875
3018.0,2727.06884765625
3019.0,2547.32568359375
3020.0,2471.2119140625
3021.0,2444.145263671875
3022.0,2399.07763671875
3023.0,2324.48681640625
3024.0,2242.615478515625
3025.0,2169.369873046875
3026.0,2101.830078125
3027.0,2028.111083984375
3028.0,1940.814453125
3029.0,1839.4422607421875
3030.0,1735.3814697265625
3031.0,1656.1181640625
3032.0,1615.3128662109375
3033.0,1588.086669921875
3034.0,1559.222412109375
3035.0,1565.9234619140625
3036.0,1626.414306640625
3037.0,1668.1973876953125
3038.0,1614.45751953125
3039.0,1501.3699951171875
3040.0,1420.5682373046875
3041.0,1393.4473876953125
3042.0,1384.8558349609375
3043.0,1378.4150390625
3044.0,1362.7037353515625
3045.0,1313.616943359375
3046.0,1245.9974365234375
3047.0,1208.6680908203125
3048.0,1203.55859375
3049.0,1188.9620361328125
3050.0,1162.3875732421875
3051.0,1155.1629638671875
3052.0,1154.3753662109375
3053.0,1116.6763916015625
3054.0,1057.337158203125
3055.0,1039.921142578125
3056.0,1067.644287109375
3057.0,1074.1490478515625
3058.0,1043.0367431640625
3059.0,1037.5076904296875
3060.0,1080.9571533203125
3061.0,1109.252685546875
3062.0,1075.6187744140625
3063.0,1018.9603881835938
3064.0,1003.9053344726562
3065.0,1045.40234375
3066.0,1098.6868896484375
3067.0,1103.4207763671875
3068.0,1046.397216796875
3069.0,978.2825927734376
3070.0,956.3016357421876
3071.0,982.8410034179688
3072.0,1011.5783081054688
3073.0,1005.7681884765624
3074.0,975.5269165039062
3075.0,948.759033203125
3076.0,929.5042724609376
3077.0,913.6019897460938
3078.0,910.112548828125
3079.0,913.7426147460938
3080.0,904.25537109375
3081.0,891.8526000976562
3082.0,900.1205444335938
3083.0,909.2062377929688
3084.0,885.8297119140625
3085.0,845.2652587890625
3086.0,827.1868896484375
3087.0,848.0342407226562
3088.0,899.281005859375
3089.0,944.8206787109376
3090.0,936.5668334960938
3091.0,881.96240234375
3092.0,849.34912109375
3093.0,868.368408203125
3094.0,891.2999877929688
3095.0,878.9805908203125
3096.0,855.7127685546875
3097.0,855.6636352539062
3098.0,870.1080932617188
3099.0,879.0097045898438
3100.0,895.3543090820312
3101.0,928.8250732421876
3102.0,939.614013671875
3103.0,899.3890991210938
3104.0,855.8865966796875
3105.0,859.9684448242188
3106.0,894.061767578125
3107.0,934.2889404296876
3108.0,986.2265014648438
3109.0,1021.9041748046876
3110.0,992.6001586914062
3111.0,914.8057861328124
3112.0,850.3438110351562
3113.0,822.27099609375
3114.0,816.4100341796875
3115.0,824.988037109375
3116.0,841.3812255859375
3117.0,844.7786865234375
3118.0,819.5206909179688
3119.0,773.8910522460938
3120.0,732.8172607421875
3121.0,726.9161376953125
3122.0,776.4920043945312
3123.0,856.7265014648438
3124.0,902.8580932617188
3125.0,881.0125732421875
3126.0,814.7620849609375
3127.0,738.72509765625
3128.0,687.4397583007812
3129.0,692.9788818359375
3130.0,735.177001953125
3131.0,769.4295043945312
3132.0,810.398681640625
3133.0,876.8025512695312
3134.0,910.0364990234376
3135.0,866.5635986328125
3136.0,799.8298950195312
3137.0,774.900146484375
3138.0,796.2268676757812
3139.0,836.7822875976562
3140.0,865.0883178710938
3141.0,857.4944458007812
3142.0,824.6608276367188
3143.0,815.0828247070312
3144.0,865.0780029296875
3145.0,935.362548828125
3146.0,943.8177490234376
3147.0,878.6779174804688
3148.0,793.4326782226562
3149.0,705.3626708984375
3150.0,630.198486328125
3151.0,640.9111938476562
3152.0,732.3689575195312
3153.0,763.6138305664062
3154.0,684.8116455078125
3155.0,636.130859375
3156.0,703.9821166992188
3157.0,787.603271484375
3158.0,786.1261596679688
3159.0,729.0808715820312
3160.0,689.9669799804688
3161.0,702.4323120117188
3162.0,745.9387817382812
3163.0,765.9066772460938
3164.0,755.3133544921875
3165.0,767.473388671875
3166.0,793.931396484375
3167.0,767.6513671875
3168.0,720.6652221679688
3169.0,742.2530517578125
3170.0,793.0223999023438
3171.0,778.9173583984375
3172.0,746.6788330078125
3173.0,795.7493286132812
3174.0,885.4034423828125
3175.0,900.8703002929688
3176.0,831.1530151367188
3177.0,765.9127197265625
3178.0,757.6475219726562
3179.0,760.590576171875
3180.0,723.5697631835938
3181.0,681.63134765625
3182.0,686.47998046875
3183.0,723.6329345703125
3184.0,769.9871826171875
3185.0,814.7048950195312
3186.0,807.4973754882812
3187.0,748.8091430664062
3188.0,757.3496704101562
3189.0,871.4508666992188
3190.0,939.9821166992188
3191.0,861.1430053710938
3192.0,740.350830078125
3193.0,711.22412109375
3194.0,756.580078125
3195.0,774.1878662109375
3196.0,742.3715209960938
3197.0,729.3742065429688
3198.0,736.7066040039062
3199.0,699.7789916992188
3200.0,669.1278686523438
3201.0,738.5390014648438
3202.0,818.3806762695312
3203.0,776.0593872070312
3204.0,684.7203369140625
3205.0,654.9689331054688
3206.0,620.2659912109375
3207.0,529.9890747070312
3208.0,519.7274780273438
3209.0,660.3900146484375
3210.0,763.6895141601562
3211.0,670.367431640625
3212.0,515.6876831054688
3213.0,490.6412963867188
3214.0,564.8053588867188
3215.0,615.864501953125
3216.0,627.7906494140625
3217.0,663.3186645507812
3218.0,753.3424682617188
3219.0,829.0270385742188
3220.0,781.6112670898438
3221.0,635.0120849609375
3222.0,544.0480346679688
3223.0,566.9725952148438
3224.0,604.3878784179688
3225.0,604.1028442382812
3226.0,643.2276000976562
3227.0,748.6092529296875
3228.0,798.8327026367188
3229.0,706.1503295898438
3230.0,569.2153930664062
3231.0,517.5067749023438
3232.0,544.6575927734375
3233.0,614.6844482421875
3234.0,713.0358276367188
3235.0,734.15869140625
3236.0,608.9337158203125
3237.0,476.7720031738281
3238.0,469.4769287109375
3239.0,524.3031616210938
3240.0,546.7861938476562
3241.0,542.6094360351562
3242.0,574.1129150390625
3243.0,649.5477905273438
3244.0,674.4312744140625
3245.0,650.1328735351562
3246.0,739.4813842773438
3247.0,932.813720703125
3248.0,1026.567138671875
3249.0,998.1249389648438
3250.0,963.7078857421876
3251.0,916.7393188476562
3252.0,813.1206665039062
3253.0,669.3026123046875
3254.0,520.3119506835938
3255.0,439.9950256347656
3256.0,466.3019104003906
3257.0,522.4008178710938
3258.0,553.14794921875
3259.0,579.0426025390625
3260.0,604.714599609375
3261.0,632.6669311523438
3262.0,641.00537109375
3263.0,568.609619140625
3264.0,496.1028442382813
3265.0,579.5592041015625
3266.0,727.65966796875
3267.0,747.2407836914062
3268.0,674.814697265625
3269.0,606.4282836914062
3270.0,537.2286376953125
3271.0,519.4752807617188
3272.0,577.8528442382812
3273.0,596.8790283203125
3274.0,578.4526977539062
3275.0,655.9583740234375
3276.0,787.018310546875
3277.0,834.7579956054688
3278.0,804.2963256835938
3279.0,748.7084350585938
3280.0,671.7116088867188
3281.0,553.3479614257812
3282.0,397.4263610839844
3283.0,347.2465515136719
3284.0,538.7085571289062
3285.0,816.7445068359375
3286.0,958.1378784179688
3287.0,971.252685546875
3288.0,939.5869140625
3289.0,915.2449951171876
3290.0,941.571044921875
3291.0,956.369140625
3292.0,857.9441528320312
3293.0,661.8006591796875
3294.0,511.0316467285156
3295.0,582.03076171875
3296.0,789.6254272460938
3297.0,766.4522705078125
3298.0,477.8095397949219
3299.0,340.787353515625
3300.0,496.4848327636719
3301.0,646.3117065429688
3302.0,620.0115356445312
3303.0,529.4336547851562
3304.0,456.9572448730469
3305.0,356.108154296875
3306.0,270.2776794433594
3307.0,394.4718933105469
3308.0,737.9404907226562
3309.0,997.4003295898438
3310.0,975.9473876953124
3311.0,822.485107421875
3312.0,734.680908203125
3313.0,706.1589965820312
3314.0,679.07763671875
3315.0,716.9403076171875
3316.0,826.8910522460938
3317.0,849.0650634765625
3318.0,736.7423095703125
3319.0,659.75634765625
3320.0,744.012939453125
3321.0,944.73486328125
3322.0,1096.144287109375
3323.0,1020.9508666992188
3324.0,751.3294067382812
3325.0,540.2396850585938
3326.0,521.8273315429688
3327.0,576.0762939453125
3328.0,609.2068481445312
3329.0,676.2847900390625
3330.0,771.1175537109375
3331.0,778.250244140625
3332.0,688.2824096679688
3333.0,666.7506103515625
3334.0,779.4839477539062
3335.0,798.3225708007812
3336.0,570.1160888671875
3337.0,352.0174560546875
3338.0,392.1669921875
3339.0,530.1438598632812
3340.0,558.9111328125
3341.0,572.7980346679688
3342.0,659.987548828125
3343.0,676.1412353515625
3344.0,614.3123168945312
3345.0,660.1719970703125
3346.0,721.8143920898438
3347.0,631.7020874023438
3348.0,628.0846557617188
3349.0,866.0752563476562
3350.0,1005.6461791992188
3351.0,851.6100463867188
3352.0,659.6483764648438
3353.0,548.9608764648438
3354.0,392.5160217285156
3355.0,280.6714172363281
3356.0,380.3652648925781
3357.0,589.1425170898438
3358.0,770.8563232421875
3359.0,883.9885864257812
3360.0,855.4389038085938
3361.0,718.0994262695312
3362.0,595.3912353515625
3363.0,504.0533142089844
3364.0,474.11175537109375
3365.0,591.1069946289062
3366.0,767.0158081054688
3367.0,856.7462158203125
3368.0,960.9266357421876
3369.0,1154.2823486328125
3370.0,1192.5059814453125
3371.0,975.4002685546876
3372.0,751.3026123046875
3373.0,643.818115234375
3374.0,595.237060546875
3375.0,546.2777709960938
3376.0,447.7360534667969
3377.0,442.6485290527344
3378.0,659.1751708984375
3379.0,845.984619140625
3380.0,750.526611328125
3381.0,500.2252502441406
3382.0,408.8625183105469
3383.0,551.008544921875
3384.0,613.23974609375
3385.0,479.80572509765625
3386.0,433.2000427246094
3387.0,543.3469848632812
3388.0,694.7421264648438
3389.0,832.216796875
3390.0,887.0703125
3391.0,964.979248046875
3392.0,1008.3159790039062
3393.0,643.4623413085938
3394.0,79.04896545410156
3395.0,-80.15179443359375
3396.0,156.9734344482422
3397.0,405.1351623535156
3398.0,512.8204956054688
3399.0,631.9388427734375
3400.0,933.9163818359376
3401.0,1202.709228515625
3402.0,1081.8887939453125
3403.0,630.6220703125
3404.0,207.36045837402344
3405.0,75.51091766357422
3406.0,263.2372131347656
3407.0,556.8667602539062
3408.0,694.8009643554688
3409.0,694.4476318359375
3410.0,776.3821411132812
3411.0,952.9475708007812
3412.0,951.5421142578124
3413.0,646.8015747070312
3414.0,431.3118591308594
3415.0,689.17333984375
3416.0,1065.246826171875
3417.0,977.8321533203124
3418.0,505.2398376464844
3419.0,309.0176696777344
3420.0,757.14794921875
3421.0,1289.8707275390625
3422.0,1291.3095703125
3423.0,978.0431518554688
3424.0,704.4514770507812
3425.0,619.8388671875
