2, 2 - Dimethoxy Propane
cm^-1,Intensity
150.0,3164.846923828125
151.0,3076.927490234375
152.0,2994.724853515625
153.0,2918.085205078125
154.0,2844.309814453125
155.0,2769.18408203125
156.0,2689.5908203125
157.0,2605.9111328125
158.0,2522.253662109375
159.0,2444.211669921875
160.0,2375.582275390625
161.0,2316.262939453125
162.0,2262.67919921875
163.0,2210.354736328125
164.0,2156.809326171875
165.0,2102.7578125
166.0,2050.96044921875
167.0,2003.794677734375
168.0,1961.5802001953125
169.0,1922.7835693359373
170.0,1885.6083984375
171.0,1849.37744140625
172.0,1814.6702880859373
173.0,1782.4510498046875
174.0,1753.2210693359375
175.0,1726.8043212890625
176.0,1702.576904296875
177.0,1679.6822509765625
178.0,1657.1802978515625
179.0,1634.401123046875
180.0,1611.4775390625
181.0,1589.565673828125
182.0,1570.2960205078125
183.0,1554.710693359375
184.0,1542.508544921875
185.0,1532.224609375
186.0,1522.1646728515625
187.0,1511.318359375
188.0,1499.6583251953125
189.0,1487.8421630859375
190.0,1476.7576904296875
191.0,1467.2130126953125
192.0,1459.756591796875
193.0,1454.5155029296875
194.0,1451.0892333984375
195.0,1448.65087890625
196.0,1446.241455078125
197.0,1443.0628662109375
198.0,1438.60107421875
199.0,1432.654296875
200.0,1425.4537353515625
201.0,1417.8428955078125
202.0,1411.1927490234375
203.0,1406.8099365234375
204.0,1405.0626220703125
205.0,1404.9190673828125
206.0,1404.4036865234375
207.0,1401.8050537109375
208.0,1396.7955322265625
209.0,1390.6768798828125
210.0,1385.6048583984375
211.0,1383.327880859375
212.0,1384.208984375
213.0,1387.0015869140625
214.0,1389.48583984375
215.0,1389.6600341796875
216.0,1386.9105224609375
217.0,1382.419921875
218.0,1378.3924560546875
219.0,1376.5145263671875
220.0,1376.782470703125
221.0,1377.7340087890625
222.0,1377.9136962890625
223.0,1377.2750244140625
224.0,1377.159912109375
225.0,1378.8800048828125
226.0,1382.2705078125
227.0,1385.68701171875
228.0,1387.464599609375
229.0,1387.4527587890625
230.0,1387.1741943359375
231.0,1388.5465087890625
232.0,1392.4471435546875
233.0,1398.4111328125
234.0,1405.537109375
235.0,1413.51806640625
236.0,1422.783447265625
237.0,1433.7528076171875
238.0,1446.13037109375
239.0,1459.0428466796875
240.0,1471.9620361328125
241.0,1485.54931640625
242.0,1501.646240234375
243.0,1522.3270263671875
244.0,1548.71630859375
245.0,1580.4119873046875
246.0,1615.8917236328125
247.0,1653.562255859375
248.0,1692.666748046875
249.0,1733.4464111328125
250.0,1776.5135498046875
251.0,1821.9984130859373
252.0,1869.1219482421875
253.0,1916.4603271484373
254.0,1962.5919189453125
255.0,2006.5919189453125
256.0,2048.068359375
257.0,2086.849609375
258.0,2122.661865234375
259.0,2155.02880859375
260.0,2183.391845703125
261.0,2207.266357421875
262.0,2226.24755859375
263.0,2239.75390625
264.0,2246.60693359375
265.0,2244.7744140625
266.0,2231.68603515625
267.0,2205.250244140625
268.0,2165.095947265625
269.0,2113.213623046875
270.0,2053.4189453125
271.0,1989.9398193359373
272.0,1926.0765380859373
273.0,1863.7427978515625
274.0,1803.874755859375
275.0,1746.971923828125
276.0,1693.1724853515625
277.0,1641.9957275390625
278.0,1592.4183349609375
279.0,1543.635498046875
280.0,1496.045654296875
281.0,1451.4923095703125
282.0,1412.2982177734375
283.0,1379.64892578125
284.0,1352.574462890625
285.0,1328.39794921875
286.0,1304.36083984375
287.0,1279.2557373046875
288.0,1253.921630859375
289.0,1230.443115234375
290.0,1210.7757568359375
291.0,1195.718017578125
292.0,1184.6385498046875
293.0,1175.8201904296875
294.0,1167.1783447265625
295.0,1157.191650390625
296.0,1145.759765625
297.0,1134.4375
298.0,1125.5748291015625
299.0,1120.703857421875
300.0,1119.3248291015625
301.0,1119.18994140625
302.0,1118.002685546875
303.0,1115.1492919921875
304.0,1112.026611328125
305.0,1110.7410888671875
306.0,1112.4058837890625
307.0,1116.4410400390625
308.0,1121.2410888671875
309.0,1125.365966796875
310.0,1128.188232421875
311.0,1129.7139892578125
312.0,1130.086669921875
313.0,1129.379150390625
314.0,1127.7529296875
315.0,1125.627197265625
316.0,1123.5458984375
317.0,1121.814697265625
318.0,1120.2254638671875
319.0,1118.1142578125
320.0,1114.7310791015625
321.0,1109.6707763671875
322.0,1103.08935546875
323.0,1095.5650634765625
324.0,1087.712646484375
325.0,1079.8348388671875
326.0,1071.87646484375
327.0,1063.716552734375
328.0,1055.549560546875
329.0,1048.031494140625
330.0,1042.0361328125
331.0,1038.1590576171875
332.0,1036.278564453125
333.0,1035.447265625
334.0,1034.216796875
335.0,1031.26953125
336.0,1026.06103515625
337.0,1019.1369018554688
338.0,1011.9390869140624
339.0,1006.2388916015624
340.0,1003.5621337890624
341.0,1004.8942260742188
342.0,1010.6336669921876
343.0,1020.53369140625
344.0,1033.5380859375
345.0,1047.8031005859375
346.0,1061.3009033203125
347.0,1072.9508056640625
348.0,1083.6151123046875
349.0,1096.138916015625
350.0,1114.260009765625
351.0,1141.112548828125
352.0,1178.3450927734375
353.0,1226.31298828125
354.0,1284.8074951171875
355.0,1353.3485107421875
356.0,1430.5474853515625
357.0,1513.046142578125
358.0,1595.095703125
359.0,1669.4256591796875
360.0,1729.03662109375
361.0,1768.7850341796875
362.0,1785.9210205078125
363.0,1779.7581787109375
364.0,1751.360107421875
365.0,1703.7996826171875
366.0,1642.4923095703125
367.0,1574.5843505859375
368.0,1507.1011962890625
369.0,1444.9344482421875
370.0,1390.15234375
371.0,1343.01904296875
372.0,1303.564453125
373.0,1272.1812744140625
374.0,1249.0084228515625
375.0,1233.2406005859375
376.0,1223.481689453125
377.0,1218.869384765625
378.0,1219.6875
379.0,1226.7550048828125
380.0,1240.3385009765625
381.0,1259.9412841796875
382.0,1285.28759765625
383.0,1317.4229736328125
384.0,1358.6722412109375
385.0,1411.482421875
386.0,1477.4112548828125
387.0,1557.335693359375
388.0,1652.646240234375
389.0,1766.15576171875
390.0,1901.76611328125
391.0,2062.97900390625
392.0,2251.009765625
393.0,2463.041748046875
394.0,2690.7041015625
395.0,2919.012939453125
396.0,3126.724853515625
397.0,3289.198974609375
398.0,3383.817626953125
399.0,3396.317138671875
400.0,3325.2197265625
401.0,3182.221435546875
402.0,2988.491455078125
403.0,2768.7412109375
404.0,2545.562255859375
405.0,2335.771728515625
406.0,2149.143798828125
407.0,1989.072509765625
408.0,1854.4854736328125
409.0,1742.2333984375
410.0,1649.16162109375
411.0,1573.26318359375
412.0,1513.7899169921875
413.0,1470.7242431640625
414.0,1444.1187744140625
415.0,1433.5263671875
416.0,1437.53369140625
417.0,1453.490478515625
418.0,1477.6173095703125
419.0,1505.4627685546875
420.0,1532.366943359375
421.0,1553.6513671875
422.0,1564.7298583984375
423.0,1561.5831298828125
424.0,1541.6474609375
425.0,1504.548583984375
426.0,1452.143310546875
427.0,1388.03173828125
428.0,1317.1365966796875
429.0,1245.4569091796875
430.0,1179.30859375
431.0,1123.5556640625
432.0,1079.60498046875
433.0,1044.8802490234375
434.0,1014.6866455078124
435.0,985.2875366210938
436.0,955.9044189453124
437.0,928.3230590820312
438.0,904.8845825195312
439.0,886.7354736328125
440.0,873.3794555664062
441.0,863.1990356445312
442.0,854.1815795898438
443.0,844.6178588867188
444.0,833.8707885742188
445.0,822.8721923828125
446.0,813.6369018554688
447.0,807.7366943359375
448.0,804.8775024414062
449.0,802.9264526367188
450.0,799.498779296875
451.0,793.6943969726562
452.0,786.47216796875
453.0,779.5775146484375
454.0,774.2383422851562
455.0,770.7489013671875
456.0,768.887939453125
457.0,768.3453979492188
458.0,768.7239379882812
459.0,769.436767578125
460.0,769.920166015625
461.0,769.9747314453125
462.0,769.7275390625
463.0,769.1671142578125
464.0,767.8411865234375
465.0,765.204345703125
466.0,761.277587890625
467.0,756.8002319335938
468.0,752.562744140625
469.0,748.5989379882812
470.0,744.1842651367188
471.0,738.7315063476562
472.0,732.6690673828125
473.0,727.33740234375
474.0,723.953857421875
475.0,722.668701171875
476.0,722.6019897460938
477.0,722.7406616210938
478.0,722.74267578125
479.0,722.8876953125
480.0,723.3580932617188
481.0,723.6883544921875
482.0,722.9918212890625
483.0,720.744384765625
484.0,717.3341674804688
485.0,713.830810546875
486.0,711.1837158203125
487.0,709.5980224609375
488.0,708.6659545898438
489.0,708.0921020507812
490.0,708.2869262695312
491.0,710.2085571289062
492.0,714.5221557617188
493.0,720.809326171875
494.0,727.562744140625
495.0,733.0616455078125
496.0,736.4862670898438
497.0,738.390380859375
498.0,740.1326293945312
499.0,742.6930541992188
500.0,745.8079223632812
501.0,748.1556396484375
502.0,748.4910888671875
503.0,746.7833862304688
504.0,744.3572998046875
505.0,742.8798828125
506.0,743.0918579101562
507.0,744.4483032226562
508.0,745.9248046875
509.0,747.0684814453125
510.0,748.1766967773438
511.0,749.50439453125
512.0,750.5745849609375
513.0,750.5931396484375
514.0,749.6572875976562
515.0,749.3710327148438
516.0,751.90966796875
517.0,758.2051391601562
518.0,766.9874877929688
519.0,775.6757202148438
520.0,782.3516235351562
521.0,787.0596923828125
522.0,791.435546875
523.0,797.2918090820312
524.0,805.516357421875
525.0,815.9586181640625
526.0,827.9163818359375
527.0,840.5703125
528.0,853.2618408203125
529.0,865.8506469726562
530.0,879.0347900390625
531.0,894.1433715820312
532.0,912.3260498046876
533.0,933.9116821289062
534.0,958.7389526367188
535.0,987.1681518554688
536.0,1020.5173950195312
537.0,1060.2200927734375
538.0,1106.6871337890625
539.0,1159.560546875
540.0,1219.6495361328125
541.0,1290.7716064453125
542.0,1379.4169921875
543.0,1492.1881103515625
544.0,1633.047119140625
545.0,1802.1463623046875
546.0,1995.9188232421875
547.0,2206.78125
548.0,2421.876708984375
549.0,2622.396728515625
550.0,2785.526611328125
551.0,2889.308349609375
552.0,2918.517578125
553.0,2869.001953125
554.0,2748.980712890625
555.0,2577.135986328125
556.0,2378.0751953125
557.0,2176.315185546875
558.0,1990.6988525390625
559.0,1831.396484375
560.0,1700.4873046875
561.0,1595.0927734375
562.0,1510.821044921875
563.0,1443.873779296875
564.0,1391.7869873046875
565.0,1353.6732177734375
566.0,1330.27587890625
567.0,1323.3115234375
568.0,1333.907958984375
569.0,1361.3121337890625
570.0,1403.66357421875
571.0,1461.12060546875
572.0,1539.1708984375
573.0,1649.328125
574.0,1806.8748779296875
575.0,2028.575439453125
576.0,2333.107421875
577.0,2742.1357421875
578.0,3275.16455078125
579.0,3933.192138671875
580.0,4676.18701171875
581.0,5410.3798828125
582.0,6001.69873046875
583.0,6317.40478515625
584.0,6278.04248046875
585.0,5891.4423828125
586.0,5248.94677734375
587.0,4486.48681640625
588.0,3733.522705078125
589.0,3076.3369140625
590.0,2548.99072265625
591.0,2146.877685546875
592.0,1847.5489501953125
593.0,1625.9749755859375
594.0,1460.895263671875
595.0,1335.8809814453125
596.0,1239.1209716796875
597.0,1162.9063720703125
598.0,1102.16796875
599.0,1052.5653076171875
600.0,1009.8295288085938
601.0,970.9625244140624
602.0,935.6478881835938
603.0,905.734619140625
604.0,882.758544921875
605.0,865.7998657226562
606.0,851.7642211914062
607.0,837.6898193359375
608.0,822.7501220703125
609.0,808.1945190429688
610.0,795.63525390625
611.0,785.4708862304688
612.0,776.68310546875
613.0,767.8118286132812
614.0,758.1243286132812
615.0,748.1846923828125
616.0,739.5709838867188
617.0,733.9220581054688
618.0,731.8302001953125
619.0,732.2843627929688
620.0,733.1135864257812
621.0,732.1884765625
622.0,728.5603637695312
623.0,722.80615234375
624.0,716.4804077148438
625.0,711.1345825195312
626.0,707.4834594726562
627.0,705.1295166015625
628.0,702.9811401367188
629.0,700.1266479492188
630.0,696.57373046875
631.0,693.3102416992188
632.0,691.6895141601562
633.0,692.6588134765625
634.0,696.2825927734375
635.0,701.5698852539062
636.0,706.515869140625
637.0,708.6133422851562
638.0,706.0875854492188
639.0,699.29833984375
640.0,691.0218505859375
641.0,684.9239501953125
642.0,683.2259521484375
643.0,685.528564453125
644.0,689.6990966796875
645.0,693.69775390625
646.0,696.5236206054688
647.0,697.7777099609375
648.0,696.991943359375
649.0,693.8934326171875
650.0,689.28662109375
651.0,685.1884765625
652.0,683.5918579101562
653.0,684.862060546875
654.0,687.3760986328125
655.0,688.8718872070312
656.0,688.307861328125
657.0,686.56982421875
658.0,685.5330200195312
659.0,686.5153198242188
660.0,689.5070190429688
661.0,693.5618286132812
662.0,697.6067504882812
663.0,700.8569946289062
664.0,702.83154296875
665.0,703.4776611328125
666.0,703.469482421875
667.0,704.1072998046875
668.0,706.4822387695312
669.0,710.5200805664062
670.0,714.91748046875
671.0,718.1481323242188
672.0,719.5735473632812
673.0,719.6521606445312
674.0,719.3092041015625
675.0,719.3253784179688
676.0,720.2359008789062
677.0,722.4109497070312
678.0,725.8973388671875
679.0,730.2374267578125
680.0,734.7411499023438
681.0,739.080322265625
682.0,743.4979858398438
683.0,748.3148193359375
684.0,753.3455810546875
685.0,758.0296020507812
686.0,762.1930541992188
687.0,766.5121459960938
688.0,772.0458984375
689.0,779.3054809570312
690.0,787.8716430664062
691.0,796.9448852539062
692.0,806.1976928710938
693.0,816.0244140625
694.0,826.9835205078125
695.0,839.106201171875
696.0,851.9129638671875
697.0,865.25634765625
698.0,880.1817626953125
699.0,898.8040161132812
700.0,923.0685424804688
701.0,953.4365234375
702.0,988.7369995117188
703.0,1027.324951171875
704.0,1068.4393310546875
705.0,1112.66748046875
706.0,1161.524169921875
707.0,1216.8538818359375
708.0,1280.3924560546875
709.0,1353.34375
710.0,1436.1844482421875
711.0,1529.347900390625
712.0,1634.7528076171875
713.0,1756.958251953125
714.0,1902.9493408203125
715.0,2081.197265625
716.0,2301.416015625
717.0,2575.199462890625
718.0,2916.545654296875
719.0,3342.144287109375
720.0,3872.6259765625
721.0,4535.17822265625
722.0,5366.7333984375
723.0,6418.5712890625
724.0,7763.94384765625
725.0,9501.21875
726.0,11728.8203125
727.0,14468.51953125
728.0,17552.349609375
729.0,20547.591796875
730.0,22813.796875
731.0,23719.224609375
732.0,22923.029296875
733.0,20554.431640625
734.0,17168.291015625
735.0,13501.1513671875
736.0,10178.7900390625
737.0,7537.53564453125
738.0,5621.66455078125
739.0,4300.44189453125
740.0,3399.758056640625
741.0,2778.005859375
742.0,2340.703369140625
743.0,2026.3056640625
744.0,1792.725341796875
745.0,1612.59130859375
746.0,1471.1259765625
747.0,1361.1043701171875
748.0,1276.3414306640625
749.0,1208.480224609375
750.0,1148.9412841796875
751.0,1093.00537109375
752.0,1041.3873291015625
753.0,997.6082153320312
754.0,963.6882934570312
755.0,938.0357666015624
756.0,916.9119262695312
757.0,897.4192504882812
758.0,879.0498657226562
759.0,862.8943481445312
760.0,850.0028076171875
761.0,840.6143798828125
762.0,834.3512573242188
763.0,830.3648681640625
764.0,827.0930786132812
765.0,822.456787109375
766.0,815.0645751953125
767.0,805.4837646484375
768.0,796.0128173828125
769.0,788.8438720703125
770.0,784.4129638671875
771.0,781.6235961914062
772.0,779.4880981445312
773.0,778.1771850585938
774.0,778.3908081054688
775.0,780.0836791992188
776.0,782.2213134765625
777.0,783.8019409179688
778.0,784.8595581054688
779.0,786.37548828125
780.0,789.3860473632812
781.0,794.2613525390625
782.0,800.5804443359375
783.0,807.3232421875
784.0,813.1502075195312
785.0,816.9021606445312
786.0,818.284912109375
787.0,818.1995239257812
788.0,818.238037109375
789.0,819.6630249023438
790.0,822.7783203125
791.0,827.1651000976562
792.0,832.2955932617188
793.0,837.7525024414062
794.0,842.9917602539062
795.0,847.3024291992188
796.0,850.3438110351562
797.0,852.7377319335938
798.0,855.9122314453125
799.0,861.1793212890625
800.0,868.9271240234375
801.0,878.6879272460938
802.0,889.8889770507812
803.0,902.4712524414062
804.0,916.905517578125
805.0,933.8349609375
806.0,953.7528076171876
807.0,976.802734375
808.0,1002.652587890625
809.0,1030.6412353515625
810.0,1060.4586181640625
811.0,1093.0950927734375
812.0,1131.20703125
813.0,1178.2821044921875
814.0,1237.033935546875
815.0,1308.2972412109375
816.0,1391.395751953125
817.0,1485.7532958984375
818.0,1592.479248046875
819.0,1714.631591796875
820.0,1855.7684326171875
821.0,2017.5836181640625
822.0,2198.09326171875
823.0,2391.40380859375
824.0,2588.665283203125
825.0,2778.586181640625
826.0,2946.509033203125
827.0,3073.49462890625
828.0,3138.5810546875
829.0,3125.54345703125
830.0,3030.899169921875
831.0,2867.23291015625
832.0,2658.751708984375
833.0,2432.101318359375
834.0,2208.757568359375
835.0,2002.6065673828125
836.0,1821.18115234375
837.0,1667.121337890625
838.0,1538.82958984375
839.0,1431.8028564453125
840.0,1341.3226318359375
841.0,1264.7242431640625
842.0,1201.219482421875
843.0,1149.8037109375
844.0,1107.814453125
845.0,1071.6925048828125
846.0,1038.893310546875
847.0,1008.8720092773438
848.0,982.4200439453124
849.0,960.3004760742188
850.0,942.342529296875
851.0,927.3416748046876
852.0,913.5670166015624
853.0,899.6355590820312
854.0,885.3572998046875
855.0,871.88232421875
856.0,860.7947998046875
857.0,852.7607421875
858.0,846.9425659179688
859.0,841.7822875976562
860.0,836.432861328125
861.0,831.4457397460938
862.0,828.0114135742188
863.0,826.4545288085938
864.0,825.4855346679688
865.0,823.0911865234375
866.0,818.3577880859375
867.0,812.4601440429688
868.0,807.7442626953125
869.0,805.7817993164062
870.0,806.3795166015625
871.0,808.4113159179688
872.0,811.2260131835938
873.0,814.8648681640625
874.0,819.0195922851562
875.0,822.3231811523438
876.0,823.0386352539062
877.0,820.3661499023438
878.0,814.9840698242188
879.0,808.6266479492188
880.0,803.486328125
881.0,801.6971435546875
882.0,804.4425048828125
883.0,810.9258422851562
884.0,818.51513671875
885.0,824.6484985351562
886.0,828.9260864257812
887.0,833.1459350585938
888.0,839.1573486328125
889.0,846.8363037109375
890.0,854.2190551757812
891.0,859.3758544921875
892.0,862.0320434570312
893.0,863.6758422851562
894.0,866.442138671875
895.0,871.7392578125
896.0,879.4949951171875
897.0,888.58203125
898.0,898.1836547851562
899.0,908.7591552734376
900.0,921.3959350585938
901.0,936.2841796875
902.0,952.4915161132812
903.0,969.6813354492188
904.0,989.5241088867188
905.0,1014.5116577148438
906.0,1045.3262939453125
907.0,1080.159912109375
908.0,1116.968017578125
909.0,1155.75537109375
910.0,1198.19189453125
911.0,1245.8489990234375
912.0,1300.19384765625
913.0,1364.377197265625
914.0,1443.483642578125
915.0,1541.5704345703125
916.0,1658.47802734375
917.0,1790.3878173828125
918.0,1933.6455078125
919.0,2087.1435546875
920.0,2250.09521484375
921.0,2417.5
922.0,2578.45263671875
923.0,2719.5390625
924.0,2830.415771484375
925.0,2906.724365234375
926.0,2948.36376953125
927.0,2955.431884765625
928.0,2925.761962890625
929.0,2855.987548828125
930.0,2744.9677734375
931.0,2596.928955078125
932.0,2422.26708984375
933.0,2235.4375
934.0,2050.880859375
935.0,1879.16259765625
936.0,1725.573486328125
937.0,1591.5673828125
938.0,1477.0020751953125
939.0,1380.944091796875
940.0,1301.169189453125
941.0,1234.270263671875
942.0,1177.04052734375
943.0,1127.554443359375
944.0,1084.66796875
945.0,1047.018310546875
946.0,1013.2467651367188
947.0,983.011474609375
948.0,956.8497314453124
949.0,934.61767578125
950.0,914.5771484375
951.0,894.5809936523438
952.0,874.0364990234375
953.0,854.3543090820312
954.0,837.5481567382812
955.0,824.6285400390625
956.0,815.126708984375
957.0,807.6347045898438
958.0,800.6743774414062
959.0,793.45751953125
960.0,786.2005615234375
961.0,779.74853515625
962.0,774.8556518554688
963.0,771.8545532226562
964.0,770.8306884765625
965.0,771.6309204101562
966.0,773.4103393554688
967.0,774.4613037109375
968.0,773.0556640625
969.0,768.8107299804688
970.0,763.337646484375
971.0,759.5602416992188
972.0,760.1205444335938
973.0,765.7470703125
974.0,774.6233520507812
975.0,783.6715698242188
976.0,791.3740234375
977.0,799.7119140625
978.0,812.7586059570312
979.0,832.7967529296875
980.0,858.120361328125
981.0,885.2251586914062
982.0,912.8948974609376
983.0,943.2918090820312
984.0,978.9486694335938
985.0,1019.5962524414062
986.0,1062.3232421875
987.0,1103.643310546875
988.0,1139.8668212890625
989.0,1165.6761474609375
990.0,1174.44580078125
991.0,1161.911376953125
992.0,1129.8497314453125
993.0,1085.545166015625
994.0,1037.371826171875
995.0,990.8109741210938
996.0,947.88671875
997.0,908.9083862304688
998.0,873.9102783203125
999.0,843.0349731445312
1000.0,816.6778564453125
1001.0,795.5645141601562
1002.0,780.105712890625
1003.0,769.2937622070312
1004.0,760.6362915039062
1005.0,751.78955078125
1006.0,742.3536987304688
1007.0,733.751220703125
1008.0,727.276123046875
1009.0,722.6080932617188
1010.0,718.4447631835938
1011.0,714.21142578125
1012.0,710.5746459960938
1013.0,708.2805786132812
1014.0,707.1309814453125
1015.0,706.5318603515625
1016.0,706.611083984375
1017.0,708.0147705078125
1018.0,710.5432739257812
1019.0,712.777587890625
1020.0,713.6417846679688
1021.0,713.96728515625
1022.0,715.7747192382812
1023.0,719.9491577148438
1024.0,725.209228515625
1025.0,729.6395874023438
1026.0,732.8141479492188
1027.0,736.0684814453125
1028.0,741.0677490234375
1029.0,748.6512451171875
1030.0,758.864013671875
1031.0,771.3347778320312
1032.0,785.342041015625
1033.0,800.0673828125
1034.0,815.2791137695312
1035.0,831.505126953125
1036.0,849.0930786132812
1037.0,867.3687133789062
1038.0,885.4292602539062
1039.0,903.9210815429688
1040.0,925.4703369140624
1041.0,952.9297485351562
1042.0,987.3026733398438
1043.0,1027.4190673828125
1044.0,1071.2076416015625
1045.0,1117.0555419921875
1046.0,1164.5147705078125
1047.0,1214.3966064453125
1048.0,1267.960205078125
1049.0,1325.119873046875
1050.0,1383.1260986328125
1051.0,1437.5196533203125
1052.0,1484.760009765625
1053.0,1523.6864013671875
1054.0,1554.3153076171875
1055.0,1575.804931640625
1056.0,1586.140625
1057.0,1583.553466796875
1058.0,1567.773193359375
1059.0,1540.2197265625
1060.0,1503.83642578125
1061.0,1462.9378662109375
1062.0,1422.377685546875
1063.0,1385.86865234375
1064.0,1354.836181640625
1065.0,1329.241943359375
1066.0,1309.8416748046875
1067.0,1299.6370849609375
1068.0,1303.0101318359375
1069.0,1323.6202392578125
1070.0,1363.6947021484375
1071.0,1425.806640625
1072.0,1515.1812744140625
1073.0,1639.8233642578125
1074.0,1808.37841796875
1075.0,2027.84130859375
1076.0,2301.626708984375
1077.0,2625.685302734375
1078.0,2981.589111328125
1079.0,3330.6943359375
1080.0,3616.406982421875
1081.0,3778.028076171875
1082.0,3772.190185546875
1083.0,3591.904296875
1084.0,3272.3251953125
1085.0,2878.0908203125
1086.0,2477.966796875
1087.0,2121.33935546875
1088.0,1829.259033203125
1089.0,1600.8760986328125
1090.0,1425.6717529296875
1091.0,1292.078857421875
1092.0,1190.401611328125
1093.0,1112.8472900390625
1094.0,1053.1109619140625
1095.0,1006.2388916015624
1096.0,968.8143310546876
1097.0,938.9340209960938
1098.0,915.2542114257812
1099.0,895.7844848632812
1100.0,878.2064819335938
1101.0,861.644775390625
1102.0,847.2520141601562
1103.0,836.20263671875
1104.0,827.569580078125
1105.0,819.142822265625
1106.0,810.2277221679688
1107.0,802.6087036132812
1108.0,798.320068359375
1109.0,797.0823974609375
1110.0,796.5783081054688
1111.0,795.1452026367188
1112.0,793.687744140625
1113.0,794.7196655273438
1114.0,799.770751953125
1115.0,808.1119995117188
1116.0,817.9927368164062
1117.0,828.4865112304688
1118.0,839.5140991210938
1119.0,850.4207153320312
1120.0,859.7556762695312
1121.0,867.2158203125
1122.0,875.2808227539062
1123.0,887.8710327148438
1124.0,906.9867553710938
1125.0,930.9873657226562
1126.0,956.4049072265624
1127.0,981.213134765625
1128.0,1006.1038818359376
1129.0,1032.9447021484375
1130.0,1062.8370361328125
1131.0,1096.1734619140625
1132.0,1134.0452880859375
1133.0,1178.3612060546875
1134.0,1229.85302734375
1135.0,1286.4305419921875
1136.0,1344.4842529296875
1137.0,1402.1512451171875
1138.0,1460.7166748046875
1139.0,1522.084716796875
1140.0,1584.83154296875
1141.0,1643.4443359375
1142.0,1692.1553955078125
1143.0,1729.484130859375
1144.0,1758.4156494140625
1145.0,1782.1248779296875
1146.0,1800.53955078125
1147.0,1811.692626953125
1148.0,1815.3529052734373
1149.0,1813.9228515625
1150.0,1810.30224609375
1151.0,1806.6126708984373
1152.0,1805.0572509765625
1153.0,1807.9666748046875
1154.0,1815.7156982421875
1155.0,1825.3551025390625
1156.0,1831.835205078125
1157.0,1829.66796875
1158.0,1813.4539794921875
1159.0,1779.3768310546875
1160.0,1728.48095703125
1161.0,1667.5750732421875
1162.0,1604.7037353515625
1163.0,1543.6072998046875
1164.0,1483.7828369140625
1165.0,1425.3028564453125
1166.0,1371.4534912109375
1167.0,1326.2474365234375
1168.0,1291.0325927734375
1169.0,1264.3631591796875
1170.0,1243.99658203125
1171.0,1228.0821533203125
1172.0,1215.3382568359375
1173.0,1205.4620361328125
1174.0,1199.464599609375
1175.0,1198.8194580078125
1176.0,1203.864501953125
1177.0,1213.1380615234375
1178.0,1224.3348388671875
1179.0,1235.78466796875
1180.0,1246.9578857421875
1181.0,1257.83935546875
1182.0,1268.5244140625
1183.0,1280.0384521484375
1184.0,1295.259765625
1185.0,1317.9561767578125
1186.0,1350.390869140625
1187.0,1392.6324462890625
1188.0,1444.9757080078125
1189.0,1510.0811767578125
1190.0,1590.48681640625
1191.0,1682.6480712890625
1192.0,1773.9801025390625
1193.0,1847.1153564453125
1194.0,1888.0364990234373
1195.0,1891.150390625
1196.0,1858.7552490234373
1197.0,1798.353271484375
1198.0,1721.1793212890625
1199.0,1640.736572265625
1200.0,1568.9613037109375
1201.0,1511.9677734375
1202.0,1469.9786376953125
1203.0,1441.689697265625
1204.0,1427.560791015625
1205.0,1428.1822509765625
1206.0,1441.087890625
1207.0,1461.594482421875
1208.0,1487.025634765625
1209.0,1518.3526611328125
1210.0,1556.9708251953125
1211.0,1601.283935546875
1212.0,1647.3865966796875
1213.0,1691.5155029296875
1214.0,1729.82080078125
1215.0,1756.5272216796875
1216.0,1765.2489013671875
1217.0,1753.54638671875
1218.0,1724.9693603515625
1219.0,1685.2529296875
1220.0,1636.9256591796875
1221.0,1578.6019287109375
1222.0,1509.3226318359375
1223.0,1432.7403564453125
1224.0,1356.7945556640625
1225.0,1289.305419921875
1226.0,1233.444580078125
1227.0,1187.0128173828125
1228.0,1146.0567626953125
1229.0,1109.06591796875
1230.0,1077.3768310546875
1231.0,1052.06982421875
1232.0,1032.0133056640625
1233.0,1015.6622924804688
1234.0,1003.5848999023438
1235.0,997.66650390625
1236.0,997.86962890625
1237.0,1001.0665893554688
1238.0,1003.80810546875
1239.0,1005.7855834960938
1240.0,1009.8433837890624
1241.0,1018.6190185546876
1242.0,1031.9537353515625
1243.0,1048.0634765625
1244.0,1066.438232421875
1245.0,1088.2962646484375
1246.0,1114.2735595703125
1247.0,1143.25439453125
1248.0,1174.3192138671875
1249.0,1208.8408203125
1250.0,1249.799560546875
1251.0,1299.8280029296875
1252.0,1360.5435791015625
1253.0,1432.3477783203125
1254.0,1513.1690673828125
1255.0,1598.0809326171875
1256.0,1682.0447998046875
1257.0,1763.12890625
1258.0,1841.4892578125
1259.0,1914.6248779296875
1260.0,1974.621337890625
1261.0,2010.980712890625
1262.0,2016.50732421875
1263.0,1990.966552734375
1264.0,1939.728759765625
1265.0,1869.242431640625
1266.0,1784.1689453125
1267.0,1689.14208984375
1268.0,1592.13671875
1269.0,1503.618896484375
1270.0,1430.9893798828125
1271.0,1374.559814453125
1272.0,1329.549072265625
1273.0,1290.9937744140625
1274.0,1256.341796875
1275.0,1225.320556640625
1276.0,1199.3387451171875
1277.0,1180.349853515625
1278.0,1168.5438232421875
1279.0,1161.1881103515625
1280.0,1154.720703125
1281.0,1147.55615234375
1282.0,1139.819580078125
1283.0,1131.048095703125
1284.0,1119.8448486328125
1285.0,1105.899169921875
1286.0,1090.86376953125
1287.0,1076.33251953125
1288.0,1061.3089599609375
1289.0,1042.3016357421875
1290.0,1016.4555053710938
1291.0,985.0667114257812
1292.0,953.842041015625
1293.0,928.798828125
1294.0,911.4976196289062
1295.0,898.802978515625
1296.0,887.2438354492188
1297.0,876.3900146484375
1298.0,867.4992065429688
1299.0,860.4338989257812
1300.0,853.6868286132812
1301.0,847.0778198242188
1302.0,842.6014404296875
1303.0,841.6897583007812
1304.0,842.4237060546875
1305.0,840.7220458984375
1306.0,834.7031860351562
1307.0,827.163330078125
1308.0,822.779052734375
1309.0,822.9290771484375
1310.0,824.3780517578125
1311.0,823.579345703125
1312.0,821.1717529296875
1313.0,820.9485473632812
1314.0,824.7994384765625
1315.0,830.0955200195312
1316.0,832.5172729492188
1317.0,830.6273193359375
1318.0,827.0410766601562
1319.0,825.4618530273438
1320.0,827.241943359375
1321.0,830.97509765625
1322.0,834.7024536132812
1323.0,837.453125
1324.0,838.591064453125
1325.0,837.2072143554688
1326.0,833.5198974609375
1327.0,830.13037109375
1328.0,830.206298828125
1329.0,834.3519897460938
1330.0,840.3680419921875
1331.0,845.921142578125
1332.0,850.295654296875
1333.0,853.8325805664062
1334.0,857.1192626953125
1335.0,860.7365112304688
1336.0,864.605224609375
1337.0,867.815185546875
1338.0,870.324951171875
1339.0,874.2155151367188
1340.0,881.394775390625
1341.0,890.3256225585938
1342.0,897.1513671875
1343.0,900.4974365234375
1344.0,903.4795532226562
1345.0,910.269287109375
1346.0,921.5357666015624
1347.0,933.4046630859376
1348.0,940.2554931640624
1349.0,939.116455078125
1350.0,932.4851684570312
1351.0,926.3062744140624
1352.0,924.061279296875
1353.0,923.7824096679688
1354.0,922.414306640625
1355.0,921.6416015625
1356.0,926.1516723632812
1357.0,935.9989624023438
1358.0,944.21484375
1359.0,944.3408813476562
1360.0,938.7359619140624
1361.0,936.8118286132812
1362.0,944.9117431640624
1363.0,959.8399047851562
1364.0,973.389404296875
1365.0,982.148193359375
1366.0,991.0509033203124
1367.0,1007.143798828125
1368.0,1031.5533447265625
1369.0,1058.6978759765625
1370.0,1082.047119140625
1371.0,1098.7586669921875
1372.0,1109.3133544921875
1373.0,1115.2266845703125
1374.0,1118.274658203125
1375.0,1120.5694580078125
1376.0,1123.70654296875
1377.0,1127.5400390625
1378.0,1130.3897705078125
1379.0,1131.0496826171875
1380.0,1130.4566650390625
1381.0,1130.2257080078125
1382.0,1128.9525146484375
1383.0,1121.8916015625
1384.0,1106.5994873046875
1385.0,1087.65673828125
1386.0,1072.6771240234375
1387.0,1064.24560546875
1388.0,1059.1275634765625
1389.0,1054.712646484375
1390.0,1051.6033935546875
1391.0,1049.5552978515625
1392.0,1046.30078125
1393.0,1042.6690673828125
1394.0,1044.2728271484375
1395.0,1054.643310546875
1396.0,1069.563232421875
1397.0,1081.4832763671875
1398.0,1087.8707275390625
1399.0,1092.744873046875
1400.0,1101.3641357421875
1401.0,1115.403564453125
1402.0,1132.147216796875
1403.0,1146.8388671875
1404.0,1157.06005859375
1405.0,1166.0355224609375
1406.0,1179.992431640625
1407.0,1201.0982666015625
1408.0,1225.2548828125
1409.0,1248.4320068359375
1410.0,1272.026611328125
1411.0,1299.00146484375
1412.0,1327.8944091796875
1413.0,1355.405517578125
1414.0,1383.1705322265625
1415.0,1416.79345703125
1416.0,1458.6300048828125
1417.0,1506.1695556640625
1418.0,1557.488037109375
1419.0,1613.9476318359375
1420.0,1677.348388671875
1421.0,1748.498046875
1422.0,1829.351806640625
1423.0,1923.9521484375
1424.0,2037.5919189453125
1425.0,2177.0361328125
1426.0,2349.271484375
1427.0,2556.528564453125
1428.0,2794.573974609375
1429.0,3059.052978515625
1430.0,3349.543212890625
1431.0,3661.614013671875
1432.0,3978.654052734375
1433.0,4280.951171875
1434.0,4564.30078125
1435.0,4843.451171875
1436.0,5135.5712890625
1437.0,5444.68505859375
1438.0,5760.91552734375
1439.0,6065.48388671875
1440.0,6331.0634765625
1441.0,6523.19775390625
1442.0,6611.423828125
1443.0,6584.84375
1444.0,6458.74365234375
1445.0,6266.310546875
1446.0,6043.142578125
1447.0,5818.0
1448.0,5614.8408203125
1449.0,5455.94580078125
1450.0,5354.89794921875
1451.0,5305.998046875
1452.0,5286.7666015625
1453.0,5274.15185546875
1454.0,5256.23974609375
1455.0,5228.671875
1456.0,5185.54541015625
1457.0,5118.71435546875
1458.0,5026.060546875
1459.0,4917.91162109375
1460.0,4811.693359375
1461.0,4717.2392578125
1462.0,4629.0810546875
1463.0,4537.208984375
1464.0,4443.16748046875
1465.0,4358.486328125
1466.0,4287.91943359375
1467.0,4223.3349609375
1468.0,4156.65625
1469.0,4090.433837890625
1470.0,4030.935546875
1471.0,3977.374755859375
1472.0,3923.514404296875
1473.0,3865.31884765625
1474.0,3801.2314453125
1475.0,3727.642333984375
1476.0,3640.081298828125
1477.0,3538.815185546875
1478.0,3428.70556640625
1479.0,3312.509765625
1480.0,3188.41455078125
1481.0,3056.79296875
1482.0,2925.580078125
1483.0,2803.361572265625
1484.0,2687.888916015625
1485.0,2567.449462890625
1486.0,2435.843994140625
1487.0,2302.068603515625
1488.0,2182.5009765625
1489.0,2085.6162109375
1490.0,2005.984619140625
1491.0,1931.66455078125
1492.0,1856.033203125
1493.0,1782.6788330078125
1494.0,1719.1387939453125
1495.0,1667.3558349609375
1496.0,1622.708740234375
1497.0,1581.2615966796875
1498.0,1543.146484375
1499.0,1507.8262939453125
1500.0,1471.169189453125
1501.0,1430.5406494140625
1502.0,1389.918701171875
1503.0,1356.61572265625
1504.0,1333.7098388671875
1505.0,1317.608642578125
1506.0,1302.5533447265625
1507.0,1285.667724609375
1508.0,1267.28271484375
1509.0,1248.3585205078125
1510.0,1229.7159423828125
1511.0,1213.090576171875
1512.0,1200.4095458984375
1513.0,1191.3719482421875
1514.0,1183.1361083984375
1515.0,1172.860595703125
1516.0,1159.840087890625
1517.0,1145.06201171875
1518.0,1129.211181640625
1519.0,1111.9169921875
1520.0,1093.8934326171875
1521.0,1078.7205810546875
1522.0,1069.2789306640625
1523.0,1062.41357421875
1524.0,1051.720947265625
1525.0,1036.914794921875
1526.0,1025.4056396484375
1527.0,1022.52880859375
1528.0,1025.2921142578125
1529.0,1028.184814453125
1530.0,1029.634033203125
1531.0,1029.1072998046875
1532.0,1023.0338134765624
1533.0,1009.2080688476562
1534.0,992.787353515625
1535.0,982.4356079101562
1536.0,980.559814453125
1537.0,981.3765869140624
1538.0,979.0437622070312
1539.0,973.6429443359376
1540.0,967.8059692382812
1541.0,962.0205078125
1542.0,956.5210571289062
1543.0,953.99072265625
1544.0,956.0615844726562
1545.0,959.9102172851562
1546.0,962.4944458007812
1547.0,965.3602905273438
1548.0,970.76611328125
1549.0,975.7882080078124
1550.0,975.43115234375
1551.0,970.118896484375
1552.0,965.9326171875
1553.0,968.3648681640624
1554.0,978.1185302734376
1555.0,990.8225708007812
1556.0,999.0440673828124
1557.0,997.6290283203124
1558.0,988.6857299804688
1559.0,978.3331909179688
1560.0,968.7130737304688
1561.0,958.19189453125
1562.0,949.0481567382812
1563.0,947.7755737304688
1564.0,956.0042724609376
1565.0,967.314453125
1566.0,975.2468872070312
1567.0,979.571044921875
1568.0,983.2298583984376
1569.0,987.8068237304688
1570.0,993.4837036132812
1571.0,999.4657592773438
1572.0,1003.0717163085938
1573.0,1001.7758178710938
1574.0,997.2632446289062
1575.0,994.0543823242188
1576.0,992.7728881835938
1577.0,988.7704467773438
1578.0,979.9808349609376
1579.0,971.84912109375
1580.0,970.313720703125
1581.0,973.8397827148438
1582.0,977.3009033203124
1583.0,979.4038696289062
1584.0,980.3970947265624
1585.0,977.1997680664062
1586.0,967.987548828125
1587.0,957.7312622070312
1588.0,952.3605346679688
1589.0,950.8991088867188
1590.0,949.204833984375
1591.0,947.6251220703124
1592.0,949.1058349609376
1593.0,952.7284545898438
1594.0,954.4425659179688
1595.0,952.5459594726562
1596.0,948.4127197265624
1597.0,942.9622192382812
1598.0,936.178955078125
1599.0,930.005126953125
1600.0,927.9783935546876
1601.0,930.5506591796876
1602.0,933.4840698242188
1603.0,932.5709838867188
1604.0,927.7945556640624
1605.0,921.91552734375
1606.0,917.7093505859376
1607.0,917.180419921875
1608.0,920.3550415039062
1609.0,924.5153198242188
1610.0,927.1015625
1611.0,927.9857788085938
1612.0,926.5050048828124
1613.0,920.1171875
1614.0,910.020751953125
1615.0,903.4293212890624
1616.0,904.6500854492188
1617.0,907.83251953125
1618.0,904.7189331054688
1619.0,896.6581420898438
1620.0,892.218017578125
1621.0,894.0784301757812
1622.0,895.8628540039062
1623.0,893.989013671875
1624.0,894.96728515625
1625.0,904.7526245117188
1626.0,916.6644287109376
1627.0,918.387451171875
1628.0,907.22509765625
1629.0,890.4542846679688
1630.0,875.06884765625
1631.0,865.3353271484375
1632.0,865.3859252929688
1633.0,875.6454467773438
1634.0,889.526611328125
1635.0,898.2030639648438
1636.0,896.7329711914062
1637.0,887.312255859375
1638.0,880.2689819335938
1639.0,885.6293334960938
1640.0,898.8112182617188
1641.0,903.9436645507812
1642.0,895.8831787109375
1643.0,886.9859619140625
1644.0,887.872802734375
1645.0,894.365966796875
1646.0,897.6053466796875
1647.0,896.4019165039062
1648.0,896.5151977539062
1649.0,903.6763305664062
1650.0,916.9209594726562
1651.0,926.74560546875
1652.0,924.1177978515624
1653.0,911.840087890625
1654.0,901.4512939453124
1655.0,899.4518432617188
1656.0,901.7088623046876
1657.0,900.2673950195312
1658.0,892.0755004882812
1659.0,881.6961059570312
1660.0,875.965576171875
1661.0,875.6646728515625
1662.0,875.2872924804688
1663.0,871.7734375
1664.0,868.7092895507812
1665.0,870.2877807617188
1666.0,875.1851806640625
1667.0,877.7793579101562
1668.0,873.7182006835938
1669.0,864.8649291992188
1670.0,858.6693115234375
1671.0,860.2304077148438
1672.0,865.88330078125
1673.0,867.4385986328125
1674.0,861.2755126953125
1675.0,851.0574340820312
1676.0,843.1771240234375
1677.0,840.7222290039062
1678.0,840.9215087890625
1679.0,838.8182983398438
1680.0,833.0588989257812
1681.0,826.1430053710938
1682.0,821.0680541992188
1683.0,820.86328125
1684.0,827.3712768554688
1685.0,836.0043334960938
1686.0,836.7798461914062
1687.0,826.0018920898438
1688.0,812.6731567382812
1689.0,808.740234375
1690.0,816.0045166015625
1691.0,825.2879638671875
1692.0,825.944091796875
1693.0,814.9904174804688
1694.0,799.1029663085938
1695.0,788.827392578125
1696.0,790.2828369140625
1697.0,801.3836669921875
1698.0,814.3438720703125
1699.0,821.5001220703125
1700.0,820.9347534179688
1701.0,816.9520263671875
1702.0,813.2550048828125
1703.0,807.5634155273438
1704.0,797.3658447265625
1705.0,788.5217895507812
1706.0,790.4125366210938
1707.0,802.2003173828125
1708.0,811.5556030273438
1709.0,809.791259765625
1710.0,802.676025390625
1711.0,801.9443969726562
1712.0,808.8319702148438
1713.0,811.706787109375
1714.0,802.2810668945312
1715.0,789.286376953125
1716.0,788.4609375
1717.0,800.5481567382812
1718.0,809.9884033203125
1719.0,807.5429077148438
1720.0,801.7500610351562
1721.0,802.6167602539062
1722.0,807.0418701171875
1723.0,808.3191528320312
1724.0,807.5195922851562
1725.0,806.156494140625
1726.0,799.4563598632812
1727.0,786.7291259765625
1728.0,777.3795166015625
1729.0,777.1217651367188
1730.0,778.686767578125
1731.0,774.88134765625
1732.0,770.0747680664062
1733.0,770.0020141601562
1734.0,771.2544555664062
1735.0,770.1093139648438
1736.0,771.1148071289062
1737.0,777.7512817382812
1738.0,784.4583129882812
1739.0,786.0855712890625
1740.0,785.7454833984375
1741.0,786.2682495117188
1742.0,783.1614379882812
1743.0,772.9765014648438
1744.0,761.541015625
1745.0,757.5502319335938
1746.0,761.6331176757812
1747.0,766.044677734375
1748.0,763.9642944335938
1749.0,756.49365234375
1750.0,749.7320556640625
1751.0,746.9149169921875
1752.0,746.4882202148438
1753.0,746.6390380859375
1754.0,746.3724365234375
1755.0,742.7349853515625
1756.0,734.1343994140625
1757.0,726.431396484375
1758.0,728.0219116210938
1759.0,739.0202026367188
1760.0,752.1984252929688
1761.0,762.3355102539062
1762.0,767.8226318359375
1763.0,767.0734252929688
1764.0,760.3963623046875
1765.0,751.9346313476562
1766.0,745.2192993164062
1767.0,741.0158081054688
1768.0,741.3649291992188
1769.0,748.60693359375
1770.0,757.9471435546875
1771.0,759.3572998046875
1772.0,750.7133178710938
1773.0,741.090576171875
1774.0,737.8131103515625
1775.0,739.07421875
1776.0,741.5966796875
1777.0,745.1806640625
1778.0,747.6674194335938
1779.0,745.6776733398438
1780.0,741.4473876953125
1781.0,740.4434204101562
1782.0,743.1673583984375
1783.0,746.2255249023438
1784.0,748.9747924804688
1785.0,753.051025390625
1786.0,757.3741455078125
1787.0,758.55517578125
1788.0,755.9808959960938
1789.0,752.9999389648438
1790.0,751.7658081054688
1791.0,749.6640625
1792.0,743.916259765625
1793.0,737.6542358398438
1794.0,736.847900390625
1795.0,741.9432373046875
1796.0,747.7990112304688
1797.0,752.04345703125
1798.0,756.9588012695312
1799.0,761.77197265625
1800.0,761.8071899414062
1801.0,758.5668334960938
1802.0,760.359130859375
1803.0,768.2409057617188
1804.0,772.7869262695312
1805.0,769.1716918945312
1806.0,762.2994384765625
1807.0,754.2518310546875
1808.0,743.4563598632812
1809.0,737.6484985351562
1810.0,746.8790893554688
1811.0,762.7803344726562
1812.0,766.6740112304688
1813.0,756.497802734375
1814.0,745.0457153320312
1815.0,737.3765869140625
1816.0,728.5840454101562
1817.0,717.2343139648438
1818.0,708.5728759765625
1819.0,709.3516235351562
1820.0,722.611328125
1821.0,742.6419677734375
1822.0,756.5272216796875
1823.0,755.2920532226562
1824.0,743.9691162109375
1825.0,737.9120483398438
1826.0,745.2160034179688
1827.0,756.5086059570312
1828.0,759.8331298828125
1829.0,757.5234985351562
1830.0,756.9728393554688
1831.0,756.3760986328125
1832.0,752.224853515625
1833.0,748.5248413085938
1834.0,748.72998046875
1835.0,749.4530029296875
1836.0,746.6669311523438
1837.0,739.0430908203125
1838.0,726.7299194335938
1839.0,714.8525390625
1840.0,711.988037109375
1841.0,718.7265625
1842.0,727.4545288085938
1843.0,735.8563232421875
1844.0,746.024658203125
1845.0,752.1112060546875
1846.0,761.991455078125
1847.0,777.116455078125
1848.0,779.2283935546875
1849.0,781.0393676757812
1850.0,782.1227416992188
1851.0,782.1536865234375
1852.0,781.158203125
1853.0,779.682373046875
1854.0,778.67822265625
1855.0,779.39013671875
1856.0,783.2645263671875
1857.0,791.2666015625
1858.0,802.4016723632812
1859.0,812.7387084960938
1860.0,816.7593383789062
1861.0,810.9149780273438
1862.0,796.5993041992188
1863.0,779.6455078125
1864.0,766.5689697265625
1865.0,760.8060302734375
1866.0,761.817138671875
1867.0,766.8338012695312
1868.0,772.946044921875
1869.0,778.072021484375
1870.0,781.2285766601562
1871.0,782.7935180664062
1872.0,784.302490234375
1873.0,787.0935668945312
1874.0,790.5910034179688
1875.0,792.1433715820312
1876.0,789.083984375
1877.0,781.1686401367188
1878.0,770.872802734375
1879.0,761.2805786132812
1880.0,753.9183349609375
1881.0,748.7354736328125
1882.0,745.7080078125
1883.0,745.6184692382812
1884.0,748.8052368164062
1885.0,753.4978637695312
1886.0,756.18212890625
1887.0,754.1815795898438
1888.0,748.0449829101562
1889.0,741.4590454101562
1890.0,738.9193725585938
1891.0,743.2286987304688
1892.0,754.3330078125
1893.0,769.4456176757812
1894.0,783.928466796875
1895.0,792.8875122070312
1896.0,793.3123168945312
1897.0,785.6398315429688
1898.0,773.4387817382812
1899.0,761.32666015625
1900.0,752.7478637695312
1901.0,749.0609130859375
1902.0,749.9002685546875
1903.0,753.8992309570312
1904.0,759.2550659179688
1905.0,764.1838989257812
1906.0,767.2616577148438
1907.0,767.5396728515625
1908.0,764.6420288085938
1909.0,759.096923828125
1910.0,752.4854736328125
1911.0,746.7078857421875
1912.0,742.7421875
1913.0,740.3775024414062
1914.0,739.4681396484375
1915.0,741.0352783203125
1916.0,746.322021484375
1917.0,754.6294555664062
1918.0,762.90478515625
1919.0,768.2332763671875
1920.0,770.572265625
1921.0,772.3973999023438
1922.0,775.5792236328125
1923.0,779.1185913085938
1924.0,780.148681640625
1925.0,776.7011108398438
1926.0,769.1619873046875
1927.0,759.50146484375
1928.0,749.8604125976562
1929.0,741.97412109375
1930.0,737.2463989257812
1931.0,736.6000366210938
1932.0,739.9251098632812
1933.0,745.6581420898438
1934.0,751.0487670898438
1935.0,753.3477172851562
1936.0,751.53955078125
1937.0,747.3695068359375
1938.0,744.3079833984375
1939.0,744.7689208984375
1940.0,748.0443725585938
1941.0,751.1984252929688
1942.0,752.139892578125
1943.0,751.620849609375
1944.0,752.123046875
1945.0,755.1146240234375
1946.0,759.7250366210938
1947.0,763.8782958984375
1948.0,766.1620483398438
1949.0,766.4555053710938
1950.0,765.2672729492188
1951.0,763.07373046875
1952.0,760.3829345703125
1953.0,758.053466796875
1954.0,757.1486206054688
1955.0,758.2615966796875
1956.0,760.8296508789062
1957.0,763.0186767578125
1958.0,762.489013671875
1959.0,757.8771362304688
1960.0,750.1845703125
1961.0,742.8703002929688
1962.0,739.9742431640625
1963.0,743.1185302734375
1964.0,749.6783447265625
1965.0,754.16796875
1966.0,752.4291381835938
1967.0,745.3211669921875
1968.0,738.3643798828125
1969.0,737.2406005859375
1970.0,743.1697387695312
1971.0,752.4423828125
1972.0,760.1505737304688
1973.0,764.0332641601562
1974.0,764.9265747070312
1975.0,764.4534912109375
1976.0,763.1111450195312
1977.0,760.3596801757812
1978.0,755.6551513671875
1979.0,749.0938720703125
1980.0,741.7113037109375
1981.0,735.6763305664062
1982.0,733.6480102539062
1983.0,736.8934326171875
1984.0,743.6647338867188
1985.0,749.900146484375
1986.0,752.0843505859375
1987.0,749.6978759765625
1988.0,745.16748046875
1989.0,741.7682495117188
1990.0,741.4169311523438
1991.0,743.7247314453125
1992.0,746.5983276367188
1993.0,748.0169067382812
1994.0,747.8772583007812
1995.0,748.308349609375
1996.0,751.898681640625
1997.0,759.4039916992188
1998.0,769.104736328125
1999.0,778.0922241210938
2000.0,783.8824462890625
2001.0,785.2150268554688
2002.0,782.3640747070312
2003.0,777.2386474609375
2004.0,772.5921020507812
2005.0,770.2384033203125
2006.0,769.872314453125
2007.0,769.8856201171875
2008.0,769.0968627929688
2009.0,767.1644287109375
2010.0,763.5891723632812
2011.0,757.4697875976562
2012.0,748.9654541015625
2013.0,740.5151977539062
2014.0,735.766845703125
2015.0,737.12451171875
2016.0,744.465576171875
2017.0,755.70361328125
2018.0,767.6310424804688
2019.0,776.1604614257812
2020.0,777.1371459960938
2021.0,768.6360473632812
2022.0,753.1751098632812
2023.0,737.2264404296875
2024.0,727.6094360351562
2025.0,727.34912109375
2026.0,734.119384765625
2027.0,742.2218017578125
2028.0,746.44580078125
2029.0,745.1172485351562
2030.0,740.4973754882812
2031.0,736.5869750976562
2032.0,736.0371704101562
2033.0,738.2906494140625
2034.0,740.178955078125
2035.0,738.625244140625
2036.0,733.5938720703125
2037.0,728.7859497070312
2038.0,728.8150634765625
2039.0,734.6966552734375
2040.0,741.9130859375
2041.0,743.7572631835938
2042.0,737.4976196289062
2043.0,727.3898315429688
2044.0,721.216552734375
2045.0,723.5833740234375
2046.0,732.455078125
2047.0,741.802490234375
2048.0,747.02099609375
2049.0,747.784912109375
2050.0,746.5714721679688
2051.0,745.4851684570312
2052.0,744.6730346679688
2053.0,742.9840087890625
2054.0,739.2598266601562
2055.0,732.9138793945312
2056.0,724.0706787109375
2057.0,714.0872192382812
2058.0,706.1129150390625
2059.0,704.2371826171875
2060.0,710.7335205078125
2061.0,723.425537109375
2062.0,736.2081909179688
2063.0,743.1768798828125
2064.0,742.8680419921875
2065.0,738.4944458007812
2066.0,734.1162719726562
2067.0,731.00341796875
2068.0,727.859130859375
2069.0,723.8394775390625
2070.0,720.2879028320312
2071.0,719.2742309570312
2072.0,721.188232421875
2073.0,724.4711303710938
2074.0,727.5550537109375
2075.0,730.4595336914062
2076.0,734.2613525390625
2077.0,739.2688598632812
2078.0,744.0090942382812
2079.0,746.1739501953125
2080.0,744.8134765625
2081.0,741.8300170898438
2082.0,741.0880126953125
2083.0,745.389892578125
2084.0,753.8292236328125
2085.0,762.13134765625
2086.0,765.8397827148438
2087.0,763.4293212890625
2088.0,756.8309326171875
2089.0,749.7075805664062
2090.0,745.4979858398438
2091.0,746.30419921875
2092.0,752.3609008789062
2093.0,761.9524536132812
2094.0,772.14453125
2095.0,780.16064453125
2096.0,784.5692138671875
2097.0,785.8238525390625
2098.0,786.1355590820312
2099.0,788.2484130859375
2100.0,793.0093383789062
2101.0,797.7241821289062
2102.0,798.0995483398438
2103.0,792.9611206054688
2104.0,786.48974609375
2105.0,784.4679565429688
2106.0,788.3792114257812
2107.0,794.4370727539062
2108.0,798.4178466796875
2109.0,799.6726684570312
2110.0,799.5980834960938
2111.0,798.263427734375
2112.0,795.1130981445312
2113.0,792.3551635742188
2114.0,794.3444213867188
2115.0,801.8499145507812
2116.0,808.6866455078125
2117.0,806.5516967773438
2118.0,793.4019775390625
2119.0,775.765869140625
2120.0,762.705322265625
2121.0,758.6578979492188
2122.0,762.1222534179688
2123.0,769.2249145507812
2124.0,776.7528686523438
2125.0,782.4111938476562
2126.0,784.4673461914062
2127.0,782.6153564453125
2128.0,778.8030395507812
2129.0,776.02783203125
2130.0,775.5734252929688
2131.0,775.4600830078125
2132.0,772.1582641601562
2133.0,764.3838500976562
2134.0,755.2133178710938
2135.0,749.9639282226562
2136.0,751.7301635742188
2137.0,759.2488403320312
2138.0,769.0062866210938
2139.0,778.3868408203125
2140.0,786.111083984375
2141.0,790.8758544921875
2142.0,791.7163696289062
2143.0,789.9619140625
2144.0,788.833251953125
2145.0,789.742919921875
2146.0,790.1424560546875
2147.0,786.6140747070312
2148.0,779.3861694335938
2149.0,771.8735961914062
2150.0,765.917236328125
2151.0,759.8685302734375
2152.0,752.49267578125
2153.0,746.7716064453125
2154.0,747.4607543945312
2155.0,755.2549438476562
2156.0,765.4963989257812
2157.0,773.2256469726562
2158.0,777.9459838867188
2159.0,782.3179321289062
2160.0,787.2154541015625
2161.0,789.8218383789062
2162.0,786.9556274414062
2163.0,779.263427734375
2164.0,771.1791381835938
2165.0,766.5856323242188
2166.0,764.8560180664062
2167.0,761.6141357421875
2168.0,753.6502075195312
2169.0,742.862548828125
2170.0,734.8004150390625
2171.0,733.1376342773438
2172.0,736.0003662109375
2173.0,737.9990844726562
2174.0,735.4268798828125
2175.0,729.0624389648438
2176.0,722.5089721679688
2177.0,718.8901977539062
2178.0,719.216064453125
2179.0,722.7747192382812
2180.0,728.1766967773438
2181.0,734.2683715820312
2182.0,740.569580078125
2183.0,746.65478515625
2184.0,750.910888671875
2185.0,750.734375
2186.0,745.120849609375
2187.0,736.9527587890625
2188.0,731.4776000976562
2189.0,731.9549560546875
2190.0,737.4747314453125
2191.0,745.2307739257812
2192.0,753.4857788085938
2193.0,761.0535888671875
2194.0,765.1365356445312
2195.0,762.4465942382812
2196.0,753.43359375
2197.0,743.6837768554688
2198.0,739.4114379882812
2199.0,741.91064453125
2200.0,747.3923950195312
2201.0,751.6087036132812
2202.0,753.2174072265625
2203.0,753.003662109375
2204.0,751.928466796875
2205.0,750.9410400390625
2206.0,751.2896728515625
2207.0,753.3671875
2208.0,755.5714111328125
2209.0,755.6259155273438
2210.0,753.1624755859375
2211.0,750.0372924804688
2212.0,747.8704833984375
2213.0,746.178466796875
2214.0,743.4808959960938
2215.0,739.6634521484375
2216.0,736.580810546875
2217.0,736.467529296875
2218.0,740.0441284179688
2219.0,745.86083984375
2220.0,751.1419677734375
2221.0,753.7117309570312
2222.0,753.8333129882812
2223.0,754.133544921875
2224.0,757.0648803710938
2225.0,762.223876953125
2226.0,766.612548828125
2227.0,767.7805786132812
2228.0,766.3645629882812
2229.0,765.2845458984375
2230.0,766.7337036132812
2231.0,770.2465209960938
2232.0,773.530029296875
2233.0,774.9319458007812
2234.0,775.1453857421875
2235.0,776.4024047851562
2236.0,779.4947509765625
2237.0,781.5567016601562
2238.0,777.9189453125
2239.0,767.3657836914062
2240.0,755.207763671875
2241.0,749.5926513671875
2242.0,753.9963989257812
2243.0,763.9238891601562
2244.0,771.3446655273438
2245.0,771.6629028320312
2246.0,766.2025756835938
2247.0,759.5863647460938
2248.0,756.38916015625
2249.0,759.3262939453125
2250.0,767.7269897460938
2251.0,776.5064697265625
2252.0,778.5753784179688
2253.0,770.757568359375
2254.0,757.5955810546875
2255.0,748.0443725585938
2256.0,747.8427124023438
2257.0,755.3524780273438
2258.0,764.3281860351562
2259.0,769.4824829101562
2260.0,769.3101196289062
2261.0,765.3818359375
2262.0,760.6796875
2263.0,758.2047119140625
2264.0,759.2463989257812
2265.0,761.914794921875
2266.0,762.1189575195312
2267.0,757.2672729492188
2268.0,749.2896728515625
2269.0,743.4708862304688
2270.0,744.0830688476562
2271.0,751.4573974609375
2272.0,763.042236328125
2273.0,775.9088134765625
2274.0,787.1758422851562
2275.0,793.2160034179688
2276.0,791.2319946289062
2277.0,782.8545532226562
2278.0,774.4935913085938
2279.0,771.9449462890625
2280.0,774.7754516601562
2281.0,777.6084594726562
2282.0,777.0391235351562
2283.0,775.6702270507812
2284.0,778.771728515625
2285.0,788.4334716796875
2286.0,801.9783325195312
2287.0,814.8585205078125
2288.0,823.7237548828125
2289.0,827.660888671875
2290.0,828.5298461914062
2291.0,830.203857421875
2292.0,835.6320190429688
2293.0,843.69287109375
2294.0,849.9166259765625
2295.0,851.177978515625
2296.0,849.05126953125
2297.0,847.8099365234375
2298.0,849.7695922851562
2299.0,853.6140747070312
2300.0,856.846923828125
2301.0,858.30810546875
2302.0,857.7369995117188
2303.0,854.3117065429688
2304.0,847.4863891601562
2305.0,839.3978881835938
2306.0,834.7346801757812
2307.0,836.6615600585938
2308.0,843.0419311523438
2309.0,847.8798828125
2310.0,846.8634033203125
2311.0,840.7891235351562
2312.0,833.4074096679688
2313.0,827.1023559570312
2314.0,821.5413818359375
2315.0,815.5438232421875
2316.0,808.6892700195312
2317.0,801.3265380859375
2318.0,794.6976318359375
2319.0,791.4545288085938
2320.0,794.2946166992188
2321.0,802.7207641601562
2322.0,812.3070068359375
2323.0,819.2456665039062
2324.0,825.5971069335938
2325.0,837.8743896484375
2326.0,859.0032958984375
2327.0,882.5839233398438
2328.0,896.6419067382812
2329.0,893.218017578125
2330.0,873.8698120117188
2331.0,846.7362060546875
2332.0,820.082275390625
2333.0,798.81689453125
2334.0,784.8374633789062
2335.0,778.2604370117188
2336.0,778.12158203125
2337.0,783.0451049804688
2338.0,791.6121215820312
2339.0,801.8486328125
2340.0,811.0662841796875
2341.0,817.4833984375
2342.0,822.01416015625
2343.0,827.2509765625
2344.0,834.2229614257812
2345.0,840.8810424804688
2346.0,843.96875
2347.0,841.5029296875
2348.0,833.3360595703125
2349.0,820.9544677734375
2350.0,808.059814453125
2351.0,800.2352294921875
2352.0,801.6658935546875
2353.0,811.2487182617188
2354.0,822.8160400390625
2355.0,830.10009765625
2356.0,831.5802612304688
2357.0,830.6983032226562
2358.0,832.1497802734375
2359.0,838.2067260742188
2360.0,847.553466796875
2361.0,856.4312133789062
2362.0,860.9888305664062
2363.0,859.5858764648438
2364.0,853.4363403320312
2365.0,845.10791015625
2366.0,836.8988037109375
2367.0,831.1178588867188
2368.0,830.6446533203125
2369.0,836.6326293945312
2370.0,844.9354858398438
2371.0,847.2442626953125
2372.0,838.3978271484375
2373.0,822.4003295898438
2374.0,809.4942626953125
2375.0,806.9664306640625
2376.0,813.6461181640625
2377.0,822.9559326171875
2378.0,829.6172485351562
2379.0,832.8330078125
2380.0,834.3079223632812
2381.0,834.7384033203125
2382.0,832.7855224609375
2383.0,827.3109741210938
2384.0,820.0612182617188
2385.0,815.3744506835938
2386.0,816.894775390625
2387.0,824.6832885742188
2388.0,835.0582885742188
2389.0,842.2214965820312
2390.0,840.5135498046875
2391.0,827.7447509765625
2392.0,808.51123046875
2393.0,793.5178833007812
2394.0,792.9837036132812
2395.0,808.4638061523438
2396.0,830.3031005859375
2397.0,844.0119018554688
2398.0,841.598876953125
2399.0,828.4678955078125
2400.0,818.27490234375
2401.0,819.4058837890625
2402.0,827.5474243164062
2403.0,833.4188842773438
2404.0,835.9522705078125
2405.0,843.5756225585938
2406.0,862.0311889648438
2407.0,885.0205078125
2408.0,899.277587890625
2409.0,897.0118408203125
2410.0,881.7896728515625
2411.0,863.807861328125
2412.0,851.080322265625
2413.0,844.4276733398438
2414.0,839.6790161132812
2415.0,834.3313598632812
2416.0,831.3777465820312
2417.0,835.9122314453125
2418.0,849.0399780273438
2419.0,866.4564208984375
2420.0,881.6002197265625
2421.0,888.0396728515625
2422.0,880.7265014648438
2423.0,859.918212890625
2424.0,835.2296142578125
2425.0,821.509521484375
2426.0,826.5051879882812
2427.0,843.1959228515625
2428.0,857.0492553710938
2429.0,860.6295166015625
2430.0,858.3596801757812
2431.0,856.9041748046875
2432.0,855.5338134765625
2433.0,849.8115844726562
2434.0,841.6766967773438
2435.0,839.2888793945312
2436.0,846.2494506835938
2437.0,856.8837890625
2438.0,864.2689208984375
2439.0,866.8827514648438
2440.0,863.864501953125
2441.0,850.850830078125
2442.0,828.2835693359375
2443.0,809.6251220703125
2444.0,811.2339477539062
2445.0,832.9972534179688
2446.0,855.9675903320312
2447.0,861.2552490234375
2448.0,846.614990234375
2449.0,823.8975219726562
2450.0,806.55712890625
2451.0,802.3508911132812
2452.0,812.0701293945312
2453.0,828.8814697265625
2454.0,840.3272705078125
2455.0,836.7242431640625
2456.0,819.8369140625
2457.0,801.2399291992188
2458.0,790.7199096679688
2459.0,787.83447265625
2460.0,786.27197265625
2461.0,784.2874755859375
2462.0,786.7011108398438
2463.0,796.1243286132812
2464.0,806.7381591796875
2465.0,810.19091796875
2466.0,805.4702758789062
2467.0,799.4097900390625
2468.0,798.572021484375
2469.0,803.8510131835938
2470.0,812.067626953125
2471.0,819.2160034179688
2472.0,822.2754516601562
2473.0,821.2225952148438
2474.0,819.5339965820312
2475.0,819.6892700195312
2476.0,818.1976928710938
2477.0,808.9618530273438
2478.0,792.627197265625
2479.0,778.7182006835938
2480.0,776.1500854492188
2481.0,784.686279296875
2482.0,798.5177612304688
2483.0,814.8595581054688
2484.0,833.870849609375
2485.0,851.41650390625
2486.0,858.6748046875
2487.0,851.82763671875
2488.0,837.9285278320312
2489.0,827.1918334960938
2490.0,821.8762817382812
2491.0,817.0089111328125
2492.0,810.6138916015625
2493.0,807.9154663085938
2494.0,814.0280151367188
2495.0,826.3267822265625
2496.0,836.7000122070312
2497.0,839.6815185546875
2498.0,836.5035400390625
2499.0,832.4629516601562
2500.0,832.1453247070312
2501.0,836.2041015625
2502.0,840.82421875
2503.0,841.02978515625
2504.0,836.6885375976562
2505.0,834.4414672851562
2506.0,840.0419921875
2507.0,848.38525390625
2508.0,846.4189453125
2509.0,829.7965087890625
2510.0,812.5634765625
2511.0,813.8880615234375
2512.0,836.4722290039062
2513.0,864.2026977539062
2514.0,880.6010131835938
2515.0,882.631103515625
2516.0,875.74755859375
2517.0,864.0987548828125
2518.0,850.5005493164062
2519.0,840.261962890625
2520.0,838.6107177734375
2521.0,845.4169311523438
2522.0,854.9125366210938
2523.0,859.3461303710938
2524.0,853.3670043945312
2525.0,838.9790649414062
2526.0,826.3027954101562
2527.0,824.2664184570312
2528.0,829.9736328125
2529.0,832.8464965820312
2530.0,829.6195678710938
2531.0,827.9561157226562
2532.0,833.4370727539062
2533.0,840.8419799804688
2534.0,842.1994018554688
2535.0,836.7587890625
2536.0,828.2814331054688
2537.0,818.2011108398438
2538.0,807.0272216796875
2539.0,798.6368408203125
2540.0,797.7183227539062
2541.0,804.4934692382812
2542.0,814.970458984375
2543.0,824.6494750976562
2544.0,830.421142578125
2545.0,831.8569946289062
2546.0,832.6576538085938
2547.0,837.9946899414062
2548.0,848.4075927734375
2549.0,858.5675048828125
2550.0,863.2454223632812
2551.0,861.8598022460938
2552.0,856.2865600585938
2553.0,847.6341552734375
2554.0,837.4034423828125
2555.0,829.740966796875
2556.0,830.1819458007812
2557.0,841.6824951171875
2558.0,860.9746704101562
2559.0,878.3071899414062
2560.0,883.9483032226562
2561.0,878.606689453125
2562.0,875.2860717773438
2563.0,885.7570190429688
2564.0,905.8187255859376
2565.0,919.549560546875
2566.0,918.9196166992188
2567.0,913.608154296875
2568.0,918.78564453125
2569.0,937.9879760742188
2570.0,962.2470092773438
2571.0,982.9768676757812
2572.0,999.8521728515624
2573.0,1015.4946899414062
2574.0,1027.441650390625
2575.0,1030.0069580078125
2576.0,1023.9767456054688
2577.0,1020.1480712890624
2578.0,1029.04541015625
2579.0,1047.9530029296875
2580.0,1063.202880859375
2581.0,1067.0965576171875
2582.0,1067.1419677734375
2583.0,1073.7822265625
2584.0,1083.5413818359375
2585.0,1082.5782470703125
2586.0,1066.336669921875
2587.0,1047.3179931640625
2588.0,1040.751953125
2589.0,1049.2279052734375
2590.0,1065.177001953125
2591.0,1081.8701171875
2592.0,1094.9647216796875
2593.0,1097.06396484375
2594.0,1080.26904296875
2595.0,1046.594970703125
2596.0,1010.486572265625
2597.0,987.9940185546876
2598.0,986.1405029296876
2599.0,1003.377685546875
2600.0,1033.9931640625
2601.0,1067.1683349609375
2602.0,1087.0758056640625
2603.0,1083.3287353515625
2604.0,1062.59423828125
2605.0,1043.8446044921875
2606.0,1040.042236328125
2607.0,1048.11376953125
2608.0,1057.3021240234375
2609.0,1062.0733642578125
2610.0,1064.1260986328125
2611.0,1065.412841796875
2612.0,1063.628173828125
2613.0,1055.680908203125
2614.0,1044.6375732421875
2615.0,1040.46728515625
2616.0,1050.2576904296875
2617.0,1067.9105224609375
2618.0,1078.3211669921875
2619.0,1073.2000732421875
2620.0,1058.2579345703125
2621.0,1043.4217529296875
2622.0,1032.27392578125
2623.0,1024.6041259765625
2624.0,1022.7676391601562
2625.0,1028.3402099609375
2626.0,1035.1395263671875
2627.0,1032.671875
2628.0,1017.6196899414062
2629.0,997.9638671875
2630.0,984.4306030273438
2631.0,980.7359619140624
2632.0,983.5576171875
2633.0,988.3323974609376
2634.0,990.5278930664062
2635.0,983.0382690429688
2636.0,959.8604736328124
2637.0,926.2677001953124
2638.0,900.81494140625
2639.0,900.908203125
2640.0,925.5869140625
2641.0,955.0980834960938
2642.0,968.5840454101562
2643.0,962.14892578125
2644.0,950.1040649414062
2645.0,948.9550170898438
2646.0,961.0733032226562
2647.0,975.2578735351562
2648.0,981.4353637695312
2649.0,979.759521484375
2650.0,974.7488403320312
2651.0,967.2954711914062
2652.0,957.3045043945312
2653.0,950.0048828125
2654.0,952.909912109375
2655.0,965.5433349609376
2656.0,975.5498657226562
2657.0,968.5114135742188
2658.0,943.6305541992188
2659.0,918.1318969726562
2660.0,911.4096069335938
2661.0,924.0894775390624
2662.0,938.0323486328124
2663.0,938.3709106445312
2664.0,928.2977905273438
2665.0,918.6975708007812
2666.0,912.02099609375
2667.0,904.736083984375
2668.0,900.236083984375
2669.0,908.1705322265624
2670.0,929.4515991210938
2671.0,949.4065551757812
2672.0,951.229248046875
2673.0,935.0040283203124
2674.0,919.034912109375
2675.0,920.3906860351562
2676.0,937.0333251953124
2677.0,952.5751342773438
2678.0,955.334716796875
2679.0,946.4887084960938
2680.0,932.33056640625
2681.0,918.6383056640624
2682.0,913.1472778320312
2683.0,921.9291381835938
2684.0,938.4639282226562
2685.0,945.5485229492188
2686.0,934.2738647460938
2687.0,915.39306640625
2688.0,908.08203125
2689.0,922.3650512695312
2690.0,953.0845947265624
2691.0,983.745361328125
2692.0,995.9832763671876
2693.0,983.88525390625
2694.0,960.418701171875
2695.0,943.5992431640624
2696.0,938.4324951171876
2697.0,938.9270629882812
2698.0,941.3925170898438
2699.0,944.7151489257812
2700.0,943.81640625
2701.0,936.5826416015624
2702.0,933.0960693359376
2703.0,944.57861328125
2704.0,966.3565063476562
2705.0,983.6627807617188
2706.0,990.4960327148438
2707.0,991.4654541015624
2708.0,990.300048828125
2709.0,989.9701538085938
2710.0,1000.4853515625
2711.0,1031.308837890625
2712.0,1074.8480224609375
2713.0,1110.4635009765625
2714.0,1129.2159423828125
2715.0,1145.02685546875
2716.0,1176.405517578125
2717.0,1226.1953125
2718.0,1286.67919921875
2719.0,1356.786376953125
2720.0,1443.567138671875
2721.0,1551.346435546875
2722.0,1681.1424560546875
2723.0,1837.32421875
2724.0,2018.876953125
2725.0,2200.154541015625
2726.0,2333.992431640625
2727.0,2384.62451171875
2728.0,2355.02734375
2729.0,2278.28173828125
2730.0,2186.040771484375
2731.0,2088.465576171875
2732.0,1980.5223388671875
2733.0,1860.87744140625
2734.0,1740.5709228515625
2735.0,1633.1151123046875
2736.0,1540.5054931640625
2737.0,1454.6829833984375
2738.0,1372.2464599609375
2739.0,1301.661865234375
2740.0,1254.7158203125
2741.0,1235.32763671875
2742.0,1236.1219482421875
2743.0,1240.6611328125
2744.0,1231.8795166015625
2745.0,1207.5333251953125
2746.0,1186.6878662109375
2747.0,1191.9539794921875
2748.0,1224.935302734375
2749.0,1265.827392578125
2750.0,1295.1014404296875
2751.0,1308.723388671875
2752.0,1315.560302734375
2753.0,1327.02197265625
2754.0,1346.2579345703125
2755.0,1362.64306640625
2756.0,1360.8271484375
2757.0,1337.309326171875
2758.0,1302.1243896484375
2759.0,1265.2633056640625
2760.0,1231.920166015625
2761.0,1209.756103515625
2762.0,1204.86474609375
2763.0,1205.9722900390625
2764.0,1187.5673828125
2765.0,1139.00732421875
2766.0,1083.2821044921875
2767.0,1058.047119140625
2768.0,1079.70361328125
2769.0,1129.4644775390625
2770.0,1171.819091796875
2771.0,1184.156982421875
2772.0,1171.61669921875
2773.0,1156.8905029296875
2774.0,1155.841552734375
2775.0,1163.9140625
2776.0,1168.338623046875
2777.0,1168.7947998046875
2778.0,1176.0970458984375
2779.0,1191.3497314453125
2780.0,1200.2440185546875
2781.0,1193.4847412109375
2782.0,1181.10498046875
2783.0,1178.5167236328125
2784.0,1187.1956787109375
2785.0,1197.4552001953125
2786.0,1204.3282470703125
2787.0,1212.7498779296875
2788.0,1228.4942626953125
2789.0,1248.645751953125
2790.0,1263.0594482421875
2791.0,1265.607666015625
2792.0,1261.4610595703125
2793.0,1260.502685546875
2794.0,1268.00732421875
2795.0,1287.3702392578125
2796.0,1324.8043212890625
2797.0,1379.496826171875
2798.0,1433.427734375
2799.0,1465.279052734375
2800.0,1474.869384765625
2801.0,1482.6199951171875
2802.0,1504.6619873046875
2803.0,1539.2652587890625
2804.0,1579.0999755859375
2805.0,1626.3818359375
2806.0,1690.166748046875
2807.0,1772.13671875
2808.0,1858.981689453125
2809.0,1930.8924560546875
2810.0,1979.8726806640625
2811.0,2019.8695068359373
2812.0,2077.671875
2813.0,2175.065185546875
2814.0,2320.098876953125
2815.0,2511.564697265625
2816.0,2748.92041015625
2817.0,3038.33447265625
2818.0,3390.513916015625
2819.0,3820.18408203125
2820.0,4359.24169921875
2821.0,5065.64501953125
2822.0,5999.6904296875
2823.0,7189.0400390625
2824.0,8629.8876953125
2825.0,10307.66796875
2826.0,12172.8896484375
2827.0,14073.8623046875
2828.0,15730.6337890625
2829.0,16815.546875
2830.0,17110.09375
2831.0,16623.041015625
2832.0,15560.9462890625
2833.0,14176.884765625
2834.0,12654.05078125
2835.0,11109.826171875
2836.0,9638.1318359375
2837.0,8310.765625
2838.0,7173.548828125
2839.0,6260.29931640625
2840.0,5577.5498046875
2841.0,5073.27734375
2842.0,4662.587890625
2843.0,4291.99072265625
2844.0,3956.50830078125
2845.0,3668.568359375
2846.0,3437.184326171875
2847.0,3262.655517578125
2848.0,3131.45947265625
2849.0,3028.11083984375
2850.0,2955.062255859375
2851.0,2921.10107421875
2852.0,2913.2666015625
2853.0,2903.8251953125
2854.0,2883.271240234375
2855.0,2869.622314453125
2856.0,2887.9111328125
2857.0,2947.0576171875
2858.0,3030.77587890625
2859.0,3114.268310546875
2860.0,3197.214599609375
2861.0,3302.8798828125
2862.0,3431.501708984375
2863.0,3546.802001953125
2864.0,3636.027587890625
2865.0,3747.24755859375
2866.0,3926.818603515625
2867.0,4147.28955078125
2868.0,4336.2265625
2869.0,4455.82666015625
2870.0,4525.48193359375
2871.0,4588.72705078125
2872.0,4682.66845703125
2873.0,4819.87890625
2874.0,4980.318359375
2875.0,5132.4365234375
2876.0,5266.43017578125
2877.0,5392.24169921875
2878.0,5510.42919921875
2879.0,5608.8828125
2880.0,5687.96826171875
2881.0,5767.05615234375
2882.0,5862.3291015625
2883.0,5971.74755859375
2884.0,6081.9033203125
2885.0,6179.2724609375
2886.0,6259.39453125
2887.0,6335.931640625
2888.0,6433.43701171875
2889.0,6560.30078125
2890.0,6698.7255859375
2891.0,6832.18994140625
2892.0,6970.734375
2893.0,7138.7646484375
2894.0,7351.1767578125
2895.0,7610.80517578125
2896.0,7915.33203125
2897.0,8256.015625
2898.0,8616.015625
2899.0,8972.7705078125
2900.0,9301.5439453125
2901.0,9589.1748046875
2902.0,9848.7431640625
2903.0,10100.1884765625
2904.0,10336.740234375
2905.0,10549.2451171875
2906.0,10780.015625
2907.0,11081.19140625
2908.0,11406.2041015625
2909.0,11634.8818359375
2910.0,11739.296875
2911.0,11823.3935546875
2912.0,11957.9326171875
2913.0,12092.8349609375
2914.0,12185.443359375
2915.0,12291.2099609375
2916.0,12464.060546875
2917.0,12686.31640625
2918.0,12952.443359375
2919.0,13297.052734375
2920.0,13693.5400390625
2921.0,14059.359375
2922.0,14403.5146484375
2923.0,14833.6953125
2924.0,15387.2919921875
2925.0,15986.5947265625
2926.0,16570.3125
2927.0,17142.935546875
2928.0,17709.90234375
2929.0,18284.271484375
2930.0,18915.365234375
2931.0,19595.72265625
2932.0,20203.673828125
2933.0,20650.97265625
2934.0,21016.455078125
2935.0,21428.216796875
2936.0,21890.953125
2937.0,22341.90625
2938.0,22801.7890625
2939.0,23324.955078125
2940.0,23836.654296875
2941.0,24190.453125
2942.0,24409.59765625
2943.0,24702.064453125
2944.0,25165.4375
2945.0,25624.029296875
2946.0,25843.56640625
2947.0,25781.060546875
2948.0,25543.1484375
2949.0,25209.265625
2950.0,24766.787109375
2951.0,24137.12890625
2952.0,23234.009765625
2953.0,22071.15234375
2954.0,20806.341796875
2955.0,19599.85546875
2956.0,18465.251953125
2957.0,17343.109375
2958.0,16251.84375
2959.0,15259.2900390625
2960.0,14375.4150390625
2961.0,13577.5830078125
2962.0,12875.5439453125
2963.0,12266.7802734375
2964.0,11692.41015625
2965.0,11103.744140625
2966.0,10528.4921875
2967.0,10036.6103515625
2968.0,9663.8740234375
2969.0,9380.6484375
2970.0,9137.080078125
2971.0,8933.1572265625
2972.0,8808.4365234375
2973.0,8762.537109375
2974.0,8746.0556640625
2975.0,8737.9609375
2976.0,8773.5322265625
2977.0,8888.14453125
2978.0,9077.0126953125
2979.0,9317.46484375
2980.0,9602.2666015625
2981.0,9936.330078125
2982.0,10316.7119140625
2983.0,10741.7587890625
2984.0,11230.7666015625
2985.0,11803.3212890625
2986.0,12445.8701171875
2987.0,13120.734375
2988.0,13798.5439453125
2989.0,14470.1640625
2990.0,15126.11328125
2991.0,15733.6435546875
2992.0,16274.5712890625
2993.0,16795.763671875
2994.0,17321.52734375
2995.0,17722.84375
2996.0,17818.65234375
2997.0,17594.99609375
2998.0,17178.787109375
2999.0,16644.685546875
3000.0,15991.8349609375
3001.0,15243.7880859375
3002.0,14444.7822265625
3003.0,13596.9521484375
3004.0,12673.271484375
3005.0,11686.6396484375
3006.0,10722.2216796875
3007.0,9875.353515625
3008.0,9162.76953125
3009.0,8545.6435546875
3010.0,8012.5439453125
3011.0,7553.75634765625
3012.0,7099.99609375
3013.0,6596.8994140625
3014.0,6103.02099609375
3015.0,5717.251953125
3016.0,5436.54736328125
3017.0,5160.76806640625
3018.0,4829.32568359375
3019.0,4499.12158203125
3020.0,4268.60986328125
3021.0,4150.39453125
3022.0,4057.15869140625
3023.0,3915.87939453125
3024.0,3744.73876953125
3025.0,3589.922607421875
3026.0,3448.51611328125
3027.0,3306.856201171875
3028.0,3192.896728515625
3029.0,3129.63330078125
3030.0,3088.969970703125
3031.0,3027.21435546875
3032.0,2915.44140625
3033.0,2744.957275390625
3034.0,2565.5048828125
3035.0,2471.5400390625
3036.0,2479.79443359375
3037.0,2487.596435546875
3038.0,2419.232421875
3039.0,2331.106689453125
3040.0,2304.314697265625
3041.0,2319.859130859375
3042.0,2312.35986328125
3043.0,2269.13818359375
3044.0,2206.783935546875
3045.0,2119.262451171875
3046.0,2010.12109375
3047.0,1921.733642578125
3048.0,1890.4952392578125
3049.0,1907.7691650390625
3050.0,1939.625
3051.0,1958.7509765625
3052.0,1946.3670654296875
3053.0,1881.7615966796875
3054.0,1767.2388916015625
3055.0,1662.533203125
3056.0,1632.091552734375
3057.0,1658.4365234375
3058.0,1682.7757568359375
3059.0,1697.048828125
3060.0,1710.31982421875
3061.0,1696.7943115234375
3062.0,1654.1268310546875
3063.0,1617.5146484375
3064.0,1580.569580078125
3065.0,1514.0531005859375
3066.0,1454.879638671875
3067.0,1462.8629150390625
3068.0,1520.21728515625
3069.0,1565.0650634765625
3070.0,1586.87255859375
3071.0,1621.083740234375
3072.0,1670.778076171875
3073.0,1681.2996826171875
3074.0,1606.770263671875
3075.0,1483.3629150390625
3076.0,1403.43359375
3077.0,1412.6534423828125
3078.0,1462.4647216796875
3079.0,1472.1141357421875
3080.0,1414.9375
3081.0,1334.9130859375
3082.0,1290.959228515625
3083.0,1295.64892578125
3084.0,1309.6287841796875
3085.0,1292.1436767578125
3086.0,1253.385986328125
3087.0,1251.415771484375
3088.0,1323.75341796875
3089.0,1423.991455078125
3090.0,1462.2149658203125
3091.0,1418.2716064453125
3092.0,1361.3836669921875
3093.0,1341.1473388671875
3094.0,1332.6981201171875
3095.0,1316.5069580078125
3096.0,1326.5338134765625
3097.0,1374.77880859375
3098.0,1399.4454345703125
3099.0,1344.40283203125
3100.0,1250.3355712890625
3101.0,1207.49755859375
3102.0,1229.166748046875
3103.0,1243.674560546875
3104.0,1227.8050537109375
3105.0,1250.5338134765625
3106.0,1333.7244873046875
3107.0,1383.9376220703125
3108.0,1340.6978759765625
3109.0,1271.0062255859375
3110.0,1235.644775390625
3111.0,1199.26513671875
3112.0,1147.5523681640625
3113.0,1145.7410888671875
3114.0,1220.942138671875
3115.0,1311.2044677734375
3116.0,1341.640625
3117.0,1274.0545654296875
3118.0,1142.12744140625
3119.0,1060.8778076171875
3120.0,1095.83447265625
3121.0,1165.8125
3122.0,1177.88330078125
3123.0,1149.197021484375
3124.0,1127.1490478515625
3125.0,1124.767333984375
3126.0,1149.2301025390625
3127.0,1186.4443359375
3128.0,1191.470703125
3129.0,1148.0257568359375
3130.0,1092.7581787109375
3131.0,1068.2855224609375
3132.0,1064.5185546875
3133.0,1026.5552978515625
3134.0,967.9166259765624
3135.0,996.4067993164062
3136.0,1119.5989990234375
3137.0,1174.165283203125
3138.0,1083.678955078125
3139.0,995.5140991210938
3140.0,1037.9576416015625
3141.0,1133.9122314453125
3142.0,1155.383056640625
3143.0,1105.15380859375
3144.0,1063.44091796875
3145.0,1065.0103759765625
3146.0,1101.380126953125
3147.0,1162.635009765625
3148.0,1213.788330078125
3149.0,1206.1243896484375
3150.0,1145.9036865234375
3151.0,1069.3092041015625
3152.0,981.818115234375
3153.0,918.4766235351562
3154.0,947.0339965820312
3155.0,1016.11181640625
3156.0,992.9713745117188
3157.0,906.4452514648438
3158.0,906.2186279296876
3159.0,989.1546020507812
3160.0,1019.7938842773438
3161.0,964.04931640625
3162.0,908.9933471679688
3163.0,927.6524047851562
3164.0,1014.6890258789062
3165.0,1104.232666015625
3166.0,1142.412109375
3167.0,1124.660888671875
3168.0,1055.21630859375
3169.0,969.718017578125
3170.0,953.3099365234376
3171.0,1003.4719848632812
3172.0,1016.8348999023438
3173.0,1003.1235961914062
3174.0,1065.521484375
3175.0,1157.8543701171875
3176.0,1159.197021484375
3177.0,1115.703857421875
3178.0,1132.764892578125
3179.0,1162.902099609375
3180.0,1110.1365966796875
3181.0,1006.255126953125
3182.0,961.246826171875
3183.0,1024.98681640625
3184.0,1137.165283203125
3185.0,1192.698974609375
3186.0,1150.82177734375
3187.0,1049.816162109375
3188.0,952.4537963867188
3189.0,938.0512084960938
3190.0,1049.2161865234375
3191.0,1182.9638671875
3192.0,1175.9061279296875
3193.0,1033.5875244140625
3194.0,921.4117431640624
3195.0,921.8907470703124
3196.0,951.70703125
3197.0,927.8944091796876
3198.0,886.0375366210938
3199.0,895.2708740234375
3200.0,942.7243041992188
3201.0,968.0151977539062
3202.0,972.3799438476562
3203.0,1003.8260498046876
3204.0,1044.9061279296875
3205.0,1033.4237060546875
3206.0,986.49560546875
3207.0,979.591064453125
3208.0,1038.9154052734375
3209.0,1134.8985595703125
3210.0,1206.3380126953125
3211.0,1188.9921875
3212.0,1098.5433349609375
3213.0,1022.3156127929688
3214.0,1002.2005004882812
3215.0,1003.8673706054688
3216.0,976.7896728515624
3217.0,907.8441772460938
3218.0,843.1568603515625
3219.0,834.7239990234375
3220.0,867.677001953125
3221.0,891.3104858398438
3222.0,904.6774291992188
3223.0,949.9459228515624
3224.0,1010.2664794921876
3225.0,1004.2172241210938
3226.0,929.3004150390624
3227.0,888.3681640625
3228.0,955.3931274414062
3229.0,1126.0074462890625
3230.0,1309.6676025390625
3231.0,1334.9664306640625
3232.0,1152.640625
3233.0,955.7570190429688
3234.0,908.2857666015624
3235.0,931.673583984375
3236.0,884.7360229492188
3237.0,767.2452392578125
3238.0,688.89111328125
3239.0,723.3582763671875
3240.0,790.2621459960938
3241.0,741.7255859375
3242.0,612.0700073242188
3243.0,595.2783203125
3244.0,737.0340576171875
3245.0,904.0328979492188
3246.0,993.1323852539062
3247.0,931.2330932617188
3248.0,708.8569946289062
3249.0,539.6141357421875
3250.0,627.9754638671875
3251.0,864.9230346679688
3252.0,1062.337646484375
3253.0,1168.8023681640625
3254.0,1137.572021484375
3255.0,1005.869873046875
3256.0,976.3819580078124
3257.0,1093.6243896484375
3258.0,1163.542724609375
3259.0,1087.949462890625
3260.0,902.7041625976562
3261.0,659.84130859375
3262.0,543.8812255859375
3263.0,716.2119750976562
3264.0,981.8859252929688
3265.0,1070.51123046875
3266.0,1043.88623046875
3267.0,1037.82958984375
3268.0,1014.5202026367188
3269.0,983.872314453125
3270.0,1028.0001220703125
3271.0,1125.8408203125
3272.0,1228.524658203125
3273.0,1298.4327392578125
3274.0,1266.152099609375
3275.0,1185.194091796875
3276.0,1187.250244140625
3277.0,1205.396484375
3278.0,1122.413330078125
3279.0,1055.22900390625
3280.0,1121.4859619140625
3281.0,1187.3624267578125
3282.0,1117.20947265625
3283.0,1012.1629638671876
3284.0,997.0531005859376
3285.0,979.2887573242188
3286.0,842.5776977539062
3287.0,692.9622192382812
3288.0,672.5165405273438
3289.0,735.4060668945312
3290.0,776.1962890625
3291.0,778.70166015625
3292.0,798.156005859375
3293.0,901.3407592773438
3294.0,1054.0447998046875
3295.0,1105.199951171875
3296.0,999.1928100585938
3297.0,870.5328369140625
3298.0,843.9545288085938
3299.0,900.4365234375
3300.0,949.0584106445312
3301.0,927.32666015625
3302.0,902.038818359375
3303.0,1019.7486572265624
3304.0,1221.1624755859375
3305.0,1232.8502197265625
3306.0,995.2867431640624
3307.0,789.839111328125
3308.0,831.0126953125
3309.0,1027.686279296875
3310.0,1196.3272705078125
3311.0,1235.75634765625
3312.0,1115.8798828125
3313.0,952.7501831054688
3314.0,933.9531860351562
3315.0,1007.2306518554688
3316.0,991.9679565429688
3317.0,969.143798828125
3318.0,1080.45703125
3319.0,1150.9110107421875
3320.0,1022.2122802734376
3321.0,946.5411376953124
3322.0,1126.10009765625
3323.0,1281.0445556640625
3324.0,1189.8607177734375
3325.0,1073.49951171875
3326.0,1091.1024169921875
3327.0,1127.33544921875
3328.0,1126.8948974609375
3329.0,1164.9425048828125
3330.0,1299.3602294921875
3331.0,1405.339599609375
3332.0,1250.73046875
3333.0,976.5140991210938
3334.0,986.0686645507812
3335.0,1192.42626953125
3336.0,1172.767822265625
3337.0,965.8402709960938
3338.0,955.7843627929688
3339.0,1182.8587646484375
3340.0,1284.2139892578125
3341.0,1023.0687255859376
3342.0,611.760986328125
3343.0,459.1290588378906
3344.0,701.3154907226562
3345.0,1050.0546875
3346.0,1146.0050048828125
3347.0,1004.6024169921876
3348.0,884.7314453125
3349.0,891.549072265625
3350.0,996.37255859375
3351.0,1109.0640869140625
3352.0,1094.24755859375
3353.0,981.7808837890624
3354.0,887.2789916992188
3355.0,856.147216796875
3356.0,943.9981079101562
3357.0,1025.9356689453125
3358.0,891.8328857421875
3359.0,702.6209106445312
3360.0,698.1170043945312
3361.0,804.9801025390625
3362.0,891.1878662109375
3363.0,940.6984252929688
3364.0,991.0772705078124
3365.0,1019.3236083984376
3366.0,949.7689208984376
3367.0,823.1724243164062
3368.0,695.4577026367188
3369.0,597.0233154296875
3370.0,651.285400390625
3371.0,794.9502563476562
3372.0,788.1121215820312
3373.0,720.831298828125
3374.0,805.879638671875
3375.0,833.3865356445312
3376.0,647.7300415039062
3377.0,624.8565673828125
3378.0,869.891357421875
3379.0,966.936767578125
3380.0,919.9375610351562
3381.0,1048.919921875
3382.0,1301.73046875
3383.0,1407.065673828125
3384.0,1136.60400390625
3385.0,709.201416015625
3386.0,736.8212280273438
3387.0,1176.53076171875
3388.0,1500.06396484375
3389.0,1653.3089599609375
3390.0,1626.5391845703125
3391.0,1326.931640625
3392.0,1129.9854736328125
3393.0,1149.800048828125
3394.0,954.06494140625
3395.0,688.2344360351562
3396.0,794.632080078125
3397.0,993.1036376953124
3398.0,983.6351318359376
3399.0,1013.35986328125
3400.0,1181.322265625
3401.0,1306.2479248046875
3402.0,1336.1312255859375
3403.0,1343.19189453125
3404.0,1353.27392578125
3405.0,1328.045166015625
3406.0,1208.559326171875
3407.0,884.6920776367188
3408.0,424.1850280761719
3409.0,269.067626953125
3410.0,587.8582153320312
3411.0,869.0484008789062
3412.0,745.3212890625
3413.0,532.3177490234375
3414.0,585.1495361328125
3415.0,773.745361328125
3416.0,868.6201782226562
3417.0,867.3496704101562
3418.0,732.5113525390625
3419.0,467.2324523925781
3420.0,371.8634643554688
3421.0,552.3276977539062
3422.0,723.6240234375
3423.0,779.2777099609375
3424.0,728.25537109375
3425.0,499.1274719238281
