N,N - Dimethylformahide
cm^-1,Intensity
150.0,7207.7138671875
151.0,7051.349609375
152.0,6905.5166015625
153.0,6773.2646484375
154.0,6654.47802734375
155.0,6546.0390625
156.0,6443.3134765625
157.0,6342.17919921875
158.0,6240.56884765625
159.0,6138.8896484375
160.0,6039.26611328125
161.0,5944.18359375
162.0,5855.22216796875
163.0,5772.35791015625
164.0,5694.03515625
165.0,5618.01220703125
166.0,5542.732421875
167.0,5468.501953125
168.0,5397.5107421875
169.0,5332.224609375
170.0,5273.048828125
171.0,5217.181640625
172.0,5160.080078125
173.0,5098.83056640625
174.0,5034.7470703125
175.0,4972.81787109375
176.0,4918.14599609375
177.0,4872.26513671875
178.0,4832.27978515625
179.0,4793.38623046875
180.0,4752.38037109375
181.0,4709.31640625
182.0,4666.35546875
183.0,4625.37353515625
184.0,4586.42529296875
185.0,4547.99853515625
186.0,4508.314453125
187.0,4466.5146484375
188.0,4423.17138671875
189.0,4380.236328125
190.0,4340.60205078125
191.0,4307.2490234375
192.0,4282.07275390625
193.0,4264.91357421875
194.0,4253.53955078125
195.0,4244.76171875
196.0,4235.9794921875
197.0,4225.98291015625
198.0,4214.41845703125
199.0,4200.57958984375
200.0,4182.92919921875
201.0,4160.23876953125
202.0,4133.529296875
203.0,4106.8994140625
204.0,4085.837158203125
205.0,4073.9208984375
206.0,4070.451171875
207.0,4071.171630859375
208.0,4071.49365234375
209.0,4069.5
210.0,4066.25634765625
211.0,4063.672119140625
212.0,4062.358154296875
213.0,4061.5712890625
214.0,4060.853515625
215.0,4061.189453125
216.0,4064.2392578125
217.0,4070.50146484375
218.0,4078.471923828125
219.0,4085.759521484375
220.0,4091.026123046875
221.0,4094.868408203125
222.0,4098.9892578125
223.0,4104.64208984375
224.0,4111.7236328125
225.0,4118.8916015625
226.0,4124.16259765625
227.0,4125.47998046875
228.0,4121.333984375
229.0,4111.5751953125
230.0,4097.9951171875
231.0,4083.925537109375
232.0,4072.6748046875
233.0,4065.638916015625
234.0,4061.323486328125
235.0,4055.862548828125
236.0,4044.70166015625
237.0,4024.55517578125
238.0,3994.905029296875
239.0,3958.473876953125
240.0,3920.298583984375
241.0,3885.495361328125
242.0,3856.61572265625
243.0,3832.2509765625
244.0,3807.99072265625
245.0,3779.29736328125
246.0,3744.296142578125
247.0,3704.4892578125
248.0,3663.124267578125
249.0,3622.78564453125
250.0,3584.260009765625
251.0,3547.268310546875
252.0,3511.946533203125
253.0,3479.406005859375
254.0,3450.876708984375
255.0,3426.415283203125
256.0,3404.561279296875
257.0,3383.25634765625
258.0,3361.10546875
259.0,3337.8828125
260.0,3314.1904296875
261.0,3291.080810546875
262.0,3270.157470703125
263.0,3253.586669921875
264.0,3243.06884765625
265.0,3237.918701171875
266.0,3233.99267578125
267.0,3225.233154296875
268.0,3207.486572265625
269.0,3181.877685546875
270.0,3154.71875
271.0,3133.69384765625
272.0,3123.096435546875
273.0,3121.793212890625
274.0,3125.1044921875
275.0,3128.6083984375
276.0,3130.703857421875
277.0,3132.3720703125
278.0,3135.203125
279.0,3139.781494140625
280.0,3145.61669921875
281.0,3152.097900390625
282.0,3159.262451171875
283.0,3167.70947265625
284.0,3177.963134765625
285.0,3189.9873046875
286.0,3203.230224609375
287.0,3217.05712890625
288.0,3231.205810546875
289.0,3246.037841796875
290.0,3262.56103515625
291.0,3282.21728515625
292.0,3306.3359375
293.0,3335.25390625
294.0,3367.5810546875
295.0,3400.44384765625
296.0,3431.179443359375
297.0,3459.750732421875
298.0,3489.991943359375
299.0,3528.220947265625
300.0,3579.66357421875
301.0,3645.28515625
302.0,3721.63671875
303.0,3803.92578125
304.0,3889.81201171875
305.0,3980.7998046875
306.0,4080.46875
307.0,4191.548828125
308.0,4314.591796875
309.0,4448.97314453125
310.0,4594.482421875
311.0,4751.31591796875
312.0,4918.13623046875
313.0,5089.97900390625
314.0,5257.92724609375
315.0,5410.85205078125
316.0,5537.724609375
317.0,5629.01220703125
318.0,5677.037109375
319.0,5676.30224609375
320.0,5624.5390625
321.0,5524.0791015625
322.0,5382.44873046875
323.0,5211.5771484375
324.0,5025.9619140625
325.0,4840.44140625
326.0,4668.005859375
327.0,4517.90625
328.0,4394.63037109375
329.0,4298.4736328125
330.0,4227.60791015625
331.0,4180.26953125
332.0,4155.56494140625
333.0,4152.75537109375
334.0,4170.541015625
335.0,4207.68408203125
336.0,4264.4072265625
337.0,4342.6357421875
338.0,4444.21875
339.0,4568.7587890625
340.0,4713.513671875
341.0,4875.7646484375
342.0,5055.14013671875
343.0,5253.2705078125
344.0,5470.8720703125
345.0,5705.1591796875
346.0,5949.91357421875
347.0,6197.5888671875
348.0,6440.927734375
349.0,6672.7265625
350.0,6884.9638671875
351.0,7069.17236328125
352.0,7218.1650390625
353.0,7327.38037109375
354.0,7394.6630859375
355.0,7419.24267578125
356.0,7401.5478515625
357.0,7344.0966796875
358.0,7251.94287109375
359.0,7131.37158203125
360.0,6987.54931640625
361.0,6823.3203125
362.0,6640.36328125
363.0,6441.64990234375
364.0,6232.80322265625
365.0,6021.06640625
366.0,5812.79638671875
367.0,5611.62646484375
368.0,5418.6845703125
369.0,5234.32177734375
370.0,5059.65869140625
371.0,4896.6728515625
372.0,4747.107421875
373.0,4611.56103515625
374.0,4489.7265625
375.0,4381.34619140625
376.0,4286.60888671875
377.0,4205.43603515625
378.0,4136.62646484375
379.0,4078.301025390625
380.0,4029.6455078125
381.0,3992.154052734375
382.0,3968.622314453125
383.0,3960.3876953125
384.0,3965.5556640625
385.0,3980.364013671875
386.0,4002.870361328125
387.0,4035.615234375
388.0,4084.678466796875
389.0,4156.00830078125
390.0,4252.46435546875
391.0,4374.33935546875
392.0,4522.74462890625
393.0,4702.6962890625
394.0,4923.2841796875
395.0,5194.9853515625
396.0,5526.3955078125
397.0,5922.1787109375
398.0,6381.86328125
399.0,6897.68603515625
400.0,7450.62841796875
401.0,8006.49560546875
402.0,8515.8173828125
403.0,8920.626953125
404.0,9167.3935546875
405.0,9221.34765625
406.0,9076.00390625
407.0,8753.6435546875
408.0,8297.2099609375
409.0,7758.078125
410.0,7184.93701171875
411.0,6617.00927734375
412.0,6081.81640625
413.0,5595.7412109375
414.0,5165.822265625
415.0,4792.14990234375
416.0,4470.67333984375
417.0,4195.84814453125
418.0,3962.256591796875
419.0,3764.839599609375
420.0,3598.37060546875
421.0,3457.258056640625
422.0,3336.099365234375
423.0,3230.43212890625
424.0,3136.91552734375
425.0,3052.982177734375
426.0,2976.7021484375
427.0,2907.2451171875
428.0,2845.267578125
429.0,2792.1943359375
430.0,2748.443115234375
431.0,2712.02783203125
432.0,2679.0439453125
433.0,2645.877685546875
434.0,2611.239501953125
435.0,2576.287353515625
436.0,2542.947265625
437.0,2512.23779296875
438.0,2484.09521484375
439.0,2458.408203125
440.0,2435.750732421875
441.0,2416.89111328125
442.0,2401.715087890625
443.0,2388.84375
444.0,2376.35302734375
445.0,2362.79931640625
446.0,2347.59814453125
447.0,2330.751953125
448.0,2312.59228515625
449.0,2293.90576171875
450.0,2276.039794921875
451.0,2260.504638671875
452.0,2248.257568359375
453.0,2239.33056640625
454.0,2233.05859375
455.0,2228.430419921875
456.0,2224.079345703125
457.0,2218.200439453125
458.0,2209.131591796875
459.0,2196.631103515625
460.0,2182.705322265625
461.0,2170.769287109375
462.0,2163.345703125
463.0,2160.1083984375
464.0,2158.058349609375
465.0,2153.7705078125
466.0,2145.832275390625
467.0,2135.5224609375
468.0,2125.442626953125
469.0,2117.560546875
470.0,2112.278076171875
471.0,2108.889892578125
472.0,2106.513671875
473.0,2104.4345703125
474.0,2101.756103515625
475.0,2097.15576171875
476.0,2089.48193359375
477.0,2078.975341796875
478.0,2067.965087890625
479.0,2060.038330078125
480.0,2057.880126953125
481.0,2061.257080078125
482.0,2066.777587890625
483.0,2069.752197265625
484.0,2066.872802734375
485.0,2057.8896484375
486.0,2045.35986328125
487.0,2032.983642578125
488.0,2023.7689208984373
489.0,2018.89794921875
490.0,2017.4835205078125
491.0,2017.0594482421875
492.0,2014.6490478515625
493.0,2008.16552734375
494.0,1997.564697265625
495.0,1984.994873046875
496.0,1973.6043701171875
497.0,1965.58056640625
498.0,1960.6756591796875
499.0,1956.3411865234373
500.0,1949.5601806640625
501.0,1939.14111328125
502.0,1926.694580078125
503.0,1915.425537109375
504.0,1907.6507568359373
505.0,1903.1510009765625
506.0,1899.787841796875
507.0,1895.6728515625
508.0,1890.7054443359373
509.0,1886.0294189453125
510.0,1882.18212890625
511.0,1878.0888671875
512.0,1871.98095703125
513.0,1863.1187744140625
514.0,1852.397705078125
515.0,1841.356689453125
516.0,1831.000244140625
517.0,1821.825927734375
518.0,1814.63916015625
519.0,1810.5606689453125
520.0,1809.6854248046875
521.0,1809.9373779296875
522.0,1807.968017578125
523.0,1801.79345703125
524.0,1792.6563720703125
525.0,1784.0262451171875
526.0,1778.55517578125
527.0,1775.9876708984375
528.0,1773.9837646484375
529.0,1770.7691650390625
530.0,1766.7568359375
531.0,1763.6265869140625
532.0,1762.166748046875
533.0,1761.28564453125
534.0,1759.1014404296875
535.0,1754.8118896484375
536.0,1749.4498291015625
537.0,1744.9793701171875
538.0,1742.732666015625
539.0,1742.48291015625
540.0,1742.6778564453125
541.0,1741.501708984375
542.0,1738.05322265625
543.0,1732.9388427734375
544.0,1727.85400390625
545.0,1724.34033203125
546.0,1722.630615234375
547.0,1721.57177734375
548.0,1719.7017822265625
549.0,1716.4739990234375
550.0,1712.5299072265625
551.0,1708.974853515625
552.0,1706.6075439453125
553.0,1705.837646484375
554.0,1706.9583740234375
555.0,1709.97802734375
556.0,1713.961669921875
557.0,1716.8155517578125
558.0,1716.263916015625
559.0,1711.4715576171875
560.0,1703.880859375
561.0,1696.438232421875
562.0,1691.8311767578125
563.0,1691.1195068359375
564.0,1693.513427734375
565.0,1697.0196533203125
566.0,1699.363037109375
567.0,1698.935302734375
568.0,1695.6533203125
569.0,1691.25146484375
570.0,1688.470703125
571.0,1689.39404296875
572.0,1694.1197509765625
573.0,1700.8519287109375
574.0,1707.2265625
575.0,1711.6309814453125
576.0,1713.5916748046875
577.0,1713.409912109375
578.0,1711.7325439453125
579.0,1709.2529296875
580.0,1706.2967529296875
581.0,1702.463623046875
582.0,1697.0181884765625
583.0,1690.148193359375
584.0,1683.8900146484375
585.0,1681.2652587890625
586.0,1683.8963623046875
587.0,1690.33447265625
588.0,1697.0277099609375
589.0,1701.241943359375
590.0,1703.08984375
591.0,1704.6617431640625
592.0,1707.32421875
593.0,1710.1280517578125
594.0,1710.9073486328125
595.0,1708.7303466796875
596.0,1705.0775146484375
597.0,1702.696044921875
598.0,1703.5211181640625
599.0,1707.637451171875
600.0,1713.7451171875
601.0,1720.07470703125
602.0,1724.816650390625
603.0,1726.3001708984375
604.0,1723.5946044921875
605.0,1717.333251953125
606.0,1709.74755859375
607.0,1703.437744140625
608.0,1699.8138427734375
609.0,1698.6551513671875
610.0,1699.0985107421875
611.0,1700.8294677734375
612.0,1704.156005859375
613.0,1709.057373046875
614.0,1714.546630859375
615.0,1719.2987060546875
616.0,1722.9346923828125
617.0,1726.4796142578125
618.0,1731.389404296875
619.0,1738.1365966796875
620.0,1745.8682861328125
621.0,1753.469970703125
622.0,1760.8011474609375
623.0,1768.6873779296875
624.0,1777.6741943359375
625.0,1786.9808349609375
626.0,1794.9527587890625
627.0,1800.7596435546875
628.0,1805.73095703125
629.0,1812.936767578125
630.0,1825.1669921875
631.0,1842.8863525390625
632.0,1863.872314453125
633.0,1884.961669921875
634.0,1904.5770263671875
635.0,1923.9224853515625
636.0,1945.8927001953125
637.0,1972.9681396484373
638.0,2006.353515625
639.0,2047.10009765625
640.0,2097.607177734375
641.0,2161.699462890625
642.0,2243.664794921875
643.0,2348.006591796875
644.0,2480.17431640625
645.0,2646.729736328125
646.0,2854.579345703125
647.0,3111.528564453125
648.0,3430.393310546875
649.0,3837.1298828125
650.0,4385.0712890625
651.0,5179.16748046875
652.0,6402.0048828125
653.0,8304.5673828125
654.0,11110.20703125
655.0,14824.68359375
656.0,19045.654296875
657.0,22936.359375
658.0,25470.958984375
659.0,25874.783203125
660.0,24008.677734375
661.0,20444.810546875
662.0,16178.990234375
663.0,12170.5673828125
664.0,8994.466796875
665.0,6769.142578125
666.0,5314.92626953125
667.0,4372.7119140625
668.0,3741.25927734375
669.0,3303.376220703125
670.0,2994.36865234375
671.0,2771.625732421875
672.0,2604.547607421875
673.0,2473.990966796875
674.0,2369.442626953125
675.0,2284.051513671875
676.0,2212.56787109375
677.0,2152.570068359375
678.0,2104.737060546875
679.0,2069.870849609375
680.0,2045.441162109375
681.0,2025.72705078125
682.0,2005.637939453125
683.0,1984.0369873046875
684.0,1963.0947265625
685.0,1944.877685546875
686.0,1929.2735595703125
687.0,1915.1561279296875
688.0,1902.59912109375
689.0,1893.0972900390625
690.0,1887.66357421875
691.0,1885.2325439453125
692.0,1883.102294921875
693.0,1878.7476806640625
694.0,1871.348876953125
695.0,1862.185302734375
696.0,1853.886962890625
697.0,1848.7864990234373
698.0,1847.1263427734373
699.0,1846.5609130859373
700.0,1843.7911376953125
701.0,1837.14697265625
702.0,1827.7261962890625
703.0,1818.1414794921875
704.0,1810.44091796875
705.0,1805.31689453125
706.0,1802.7867431640625
707.0,1802.7884521484373
708.0,1804.6942138671875
709.0,1806.5965576171875
710.0,1805.80078125
711.0,1800.589599609375
712.0,1791.7445068359375
713.0,1782.2835693359375
714.0,1775.3751220703125
715.0,1772.0010986328125
716.0,1770.3101806640625
717.0,1767.3055419921875
718.0,1761.4815673828125
719.0,1754.04345703125
720.0,1747.6058349609375
721.0,1743.7474365234375
722.0,1741.9132080078125
723.0,1740.606689453125
724.0,1739.2923583984375
725.0,1738.7852783203125
726.0,1739.781982421875
727.0,1741.3167724609375
728.0,1740.9444580078125
729.0,1736.571044921875
730.0,1728.2591552734375
731.0,1718.4656982421875
732.0,1710.52783203125
733.0,1706.5068359375
734.0,1705.92529296875
735.0,1706.3648681640625
736.0,1705.566162109375
737.0,1703.3568115234375
738.0,1701.6324462890625
739.0,1702.237060546875
740.0,1704.684326171875
741.0,1706.098876953125
742.0,1703.7445068359375
743.0,1697.83740234375
744.0,1691.779296875
745.0,1689.3272705078125
746.0,1691.3092041015625
747.0,1695.0701904296875
748.0,1697.1337890625
749.0,1696.3370361328125
750.0,1694.3907470703125
751.0,1693.68408203125
752.0,1694.930419921875
753.0,1696.93798828125
754.0,1698.150146484375
755.0,1697.9576416015625
756.0,1696.7738037109375
757.0,1695.5675048828125
758.0,1695.6251220703125
759.0,1698.2069091796875
760.0,1703.6806640625
761.0,1710.870849609375
762.0,1717.682861328125
763.0,1722.6156005859375
764.0,1725.5396728515625
765.0,1727.043701171875
766.0,1727.5020751953125
767.0,1727.0968017578125
768.0,1726.3275146484375
769.0,1725.8179931640625
770.0,1725.6141357421875
771.0,1725.3251953125
772.0,1725.2266845703125
773.0,1726.6109619140625
774.0,1730.3521728515625
775.0,1735.3099365234375
776.0,1738.935546875
777.0,1739.753173828125
778.0,1738.7921142578125
779.0,1738.2508544921875
780.0,1739.1822509765625
781.0,1741.0240478515625
782.0,1743.0833740234375
783.0,1745.54931640625
784.0,1748.6715087890625
785.0,1751.6226806640625
786.0,1753.05078125
787.0,1752.8404541015625
788.0,1752.7799072265625
789.0,1755.15673828125
790.0,1760.8770751953125
791.0,1769.09765625
792.0,1778.38134765625
793.0,1787.8292236328125
794.0,1797.2166748046875
795.0,1806.54736328125
796.0,1815.73095703125
797.0,1824.4683837890625
798.0,1832.2330322265625
799.0,1838.5555419921875
800.0,1843.6181640625
801.0,1848.3887939453125
802.0,1853.598388671875
803.0,1858.3182373046875
804.0,1859.970458984375
805.0,1856.4066162109373
806.0,1848.2081298828125
807.0,1838.692626953125
808.0,1831.4398193359373
809.0,1827.870849609375
810.0,1827.2423095703125
811.0,1828.5966796875
812.0,1832.15185546875
813.0,1838.6243896484373
814.0,1847.537353515625
815.0,1856.5849609375
816.0,1862.77197265625
817.0,1864.2640380859373
818.0,1861.54150390625
819.0,1857.2637939453125
820.0,1854.962646484375
821.0,1857.044921875
822.0,1863.121337890625
823.0,1870.1004638671875
824.0,1874.58154296875
825.0,1875.9034423828125
826.0,1876.9681396484373
827.0,1881.6951904296875
828.0,1891.39501953125
829.0,1903.682861328125
830.0,1914.9471435546875
831.0,1923.610107421875
832.0,1930.853759765625
833.0,1938.6807861328125
834.0,1948.123291015625
835.0,1959.5869140625
836.0,1974.14453125
837.0,1993.3634033203125
838.0,2017.4442138671875
839.0,2044.0042724609373
840.0,2069.407958984375
841.0,2091.7373046875
842.0,2112.714111328125
843.0,2136.939453125
844.0,2169.297119140625
845.0,2212.8125
846.0,2268.74658203125
847.0,2338.857421875
848.0,2427.86083984375
849.0,2543.5927734375
850.0,2693.99853515625
851.0,2882.939208984375
852.0,3108.527587890625
853.0,3366.675537109375
854.0,3659.465087890625
855.0,4005.263916015625
856.0,4447.4541015625
857.0,5061.86376953125
858.0,5966.033203125
859.0,7328.45166015625
860.0,9358.5576171875
861.0,12242.4052734375
862.0,16005.36328125
863.0,20347.5
864.0,24570.482421875
865.0,27715.3125
866.0,28913.087890625
867.0,27781.5078125
868.0,24622.896484375
869.0,20286.30078125
870.0,15778.6552734375
871.0,11868.640625
872.0,8897.169921875
873.0,6835.06103515625
874.0,5469.330078125
875.0,4569.19140625
876.0,3961.988037109375
877.0,3537.686279296875
878.0,3229.6103515625
879.0,2998.4501953125
880.0,2821.75146484375
881.0,2685.33984375
882.0,2577.665283203125
883.0,2488.89697265625
884.0,2412.871826171875
885.0,2348.00830078125
886.0,2295.34326171875
887.0,2255.090087890625
888.0,2224.565185546875
889.0,2199.124267578125
890.0,2175.012451171875
891.0,2151.216552734375
892.0,2128.598876953125
893.0,2107.68896484375
894.0,2087.885498046875
895.0,2068.7294921875
896.0,2051.166015625
897.0,2036.8800048828125
898.0,2026.4737548828125
899.0,2018.7689208984373
900.0,2012.0252685546875
901.0,2005.5687255859373
902.0,2000.0634765625
903.0,1996.379638671875
904.0,1994.418212890625
905.0,1992.946533203125
906.0,1990.28125
907.0,1985.05810546875
908.0,1976.726806640625
909.0,1965.92822265625
910.0,1954.7003173828125
911.0,1945.90380859375
912.0,1941.5787353515625
913.0,1941.28125
914.0,1942.1597900390625
915.0,1941.114501953125
916.0,1937.0635986328125
917.0,1931.0748291015625
918.0,1924.5709228515625
919.0,1917.9962158203125
920.0,1911.38134765625
921.0,1905.51513671875
922.0,1901.70166015625
923.0,1900.2506103515625
924.0,1899.7943115234373
925.0,1898.549560546875
926.0,1896.1630859375
927.0,1894.0406494140625
928.0,1893.7998046875
929.0,1895.461669921875
930.0,1897.166259765625
931.0,1896.702880859375
932.0,1893.492431640625
933.0,1889.179931640625
934.0,1886.2091064453125
935.0,1885.7493896484373
936.0,1887.042236328125
937.0,1888.58544921875
938.0,1889.470947265625
939.0,1889.4287109375
940.0,1888.311279296875
941.0,1886.4771728515625
942.0,1885.535400390625
943.0,1887.4822998046875
944.0,1892.2645263671875
945.0,1896.68408203125
946.0,1896.6854248046875
947.0,1890.9820556640625
948.0,1882.21240234375
949.0,1874.7947998046875
950.0,1872.1053466796875
951.0,1875.164794921875
952.0,1882.5118408203125
953.0,1890.6221923828125
954.0,1895.5869140625
955.0,1895.9715576171875
956.0,1894.1605224609373
957.0,1893.9039306640625
958.0,1896.266357421875
959.0,1898.7960205078125
960.0,1899.004150390625
961.0,1897.638427734375
962.0,1897.5003662109373
963.0,1899.530029296875
964.0,1901.4610595703125
965.0,1900.841796875
966.0,1898.56787109375
967.0,1898.6168212890625
968.0,1904.4176025390625
969.0,1915.915283203125
970.0,1929.9752197265625
971.0,1942.974365234375
972.0,1952.8226318359373
973.0,1959.195556640625
974.0,1962.798095703125
975.0,1964.7930908203125
976.0,1966.53271484375
977.0,1969.1356201171875
978.0,1972.9146728515625
979.0,1977.2763671875
980.0,1981.472412109375
981.0,1985.6873779296875
982.0,1991.4107666015625
983.0,2000.4720458984373
984.0,2013.244873046875
985.0,2027.568603515625
986.0,2039.8829345703125
987.0,2048.28125
988.0,2054.81689453125
989.0,2064.320068359375
990.0,2080.37158203125
991.0,2102.5390625
992.0,2127.832275390625
993.0,2154.42041015625
994.0,2183.201171875
995.0,2216.0234375
996.0,2253.580810546875
997.0,2295.42578125
998.0,2340.902587890625
999.0,2389.048828125
1000.0,2438.19873046875
1001.0,2486.824462890625
1002.0,2534.433837890625
1003.0,2580.291015625
1004.0,2621.217529296875
1005.0,2652.42138671875
1006.0,2671.822021484375
1007.0,2682.912841796875
1008.0,2692.1181640625
1009.0,2703.362060546875
1010.0,2715.859375
1011.0,2726.560302734375
1012.0,2732.98583984375
1013.0,2733.190673828125
1014.0,2724.822265625
1015.0,2706.5654296875
1016.0,2680.945556640625
1017.0,2654.2998046875
1018.0,2632.609375
1019.0,2617.0439453125
1020.0,2603.69873046875
1021.0,2587.474365234375
1022.0,2566.08740234375
1023.0,2540.98046875
1024.0,2515.459228515625
1025.0,2492.298095703125
1026.0,2472.279296875
1027.0,2453.986572265625
1028.0,2434.95068359375
1029.0,2413.792724609375
1030.0,2391.759521484375
1031.0,2371.9033203125
1032.0,2356.412841796875
1033.0,2344.883544921875
1034.0,2335.396484375
1035.0,2326.9326171875
1036.0,2320.219482421875
1037.0,2316.369873046875
1038.0,2315.416748046875
1039.0,2316.537353515625
1040.0,2319.28759765625
1041.0,2324.14404296875
1042.0,2331.979248046875
1043.0,2343.41162109375
1044.0,2358.576171875
1045.0,2377.049560546875
1046.0,2397.916259765625
1047.0,2420.47802734375
1048.0,2445.35595703125
1049.0,2474.5751953125
1050.0,2509.906494140625
1051.0,2551.0732421875
1052.0,2596.181884765625
1053.0,2644.2451171875
1054.0,2696.931884765625
1055.0,2757.579345703125
1056.0,2828.794921875
1057.0,2911.017333984375
1058.0,3002.177978515625
1059.0,3097.359375
1060.0,3189.197998046875
1061.0,3270.6552734375
1062.0,3338.489501953125
1063.0,3393.017578125
1064.0,3433.538818359375
1065.0,3455.311279296875
1066.0,3453.27783203125
1067.0,3429.155517578125
1068.0,3393.429931640625
1069.0,3359.573974609375
1070.0,3336.64794921875
1071.0,3326.963134765625
1072.0,3328.86865234375
1073.0,3340.77099609375
1074.0,3364.131103515625
1075.0,3404.7421875
1076.0,3470.955078125
1077.0,3569.05078125
1078.0,3700.071533203125
1079.0,3862.365234375
1080.0,4057.580078125
1081.0,4293.1669921875
1082.0,4578.45556640625
1083.0,4918.5078125
1084.0,5310.7724609375
1085.0,5744.7666015625
1086.0,6202.66259765625
1087.0,6660.537109375
1088.0,7090.86181640625
1089.0,7465.0810546875
1090.0,7755.4296875
1091.0,7937.9189453125
1092.0,7997.8564453125
1093.0,7934.35107421875
1094.0,7758.978515625
1095.0,7490.173828125
1096.0,7150.0185546875
1097.0,6765.095703125
1098.0,6364.8623046875
1099.0,5973.28369140625
1100.0,5600.623046875
1101.0,5245.70556640625
1102.0,4907.58984375
1103.0,4594.0048828125
1104.0,4317.904296875
1105.0,4087.492919921875
1106.0,3900.83837890625
1107.0,3748.479736328125
1108.0,3618.870361328125
1109.0,3501.94580078125
1110.0,3390.944091796875
1111.0,3283.493408203125
1112.0,3180.992431640625
1113.0,3085.996826171875
1114.0,2999.9443359375
1115.0,2923.09912109375
1116.0,2855.336181640625
1117.0,2795.52001953125
1118.0,2740.1787109375
1119.0,2684.304443359375
1120.0,2624.978759765625
1121.0,2564.642578125
1122.0,2510.149658203125
1123.0,2467.511962890625
1124.0,2436.875244140625
1125.0,2412.675048828125
1126.0,2388.82568359375
1127.0,2363.372802734375
1128.0,2337.913330078125
1129.0,2313.702880859375
1130.0,2290.18359375
1131.0,2267.502197265625
1132.0,2248.55615234375
1133.0,2236.979248046875
1134.0,2233.49755859375
1135.0,2235.08203125
1136.0,2237.157958984375
1137.0,2236.041015625
1138.0,2230.51806640625
1139.0,2222.983642578125
1140.0,2218.592041015625
1141.0,2220.7861328125
1142.0,2226.576416015625
1143.0,2227.797607421875
1144.0,2218.537353515625
1145.0,2200.801513671875
1146.0,2182.05712890625
1147.0,2168.04296875
1148.0,2159.038818359375
1149.0,2152.266845703125
1150.0,2146.11474609375
1151.0,2141.80078125
1152.0,2142.099609375
1153.0,2148.663330078125
1154.0,2159.5703125
1155.0,2169.27783203125
1156.0,2172.22119140625
1157.0,2167.40380859375
1158.0,2159.083740234375
1159.0,2152.493896484375
1160.0,2149.26123046875
1161.0,2147.12890625
1162.0,2143.08154296875
1163.0,2135.728759765625
1164.0,2125.3291015625
1165.0,2113.16015625
1166.0,2101.302490234375
1167.0,2091.783447265625
1168.0,2084.875732421875
1169.0,2078.7490234375
1170.0,2071.842529296875
1171.0,2065.507568359375
1172.0,2063.292236328125
1173.0,2067.11767578125
1174.0,2074.584228515625
1175.0,2080.471923828125
1176.0,2080.93017578125
1177.0,2076.4033203125
1178.0,2070.979736328125
1179.0,2069.012939453125
1180.0,2071.866943359375
1181.0,2077.401611328125
1182.0,2082.2294921875
1183.0,2084.060546875
1184.0,2082.009521484375
1185.0,2076.017578125
1186.0,2067.324951171875
1187.0,2058.917724609375
1188.0,2053.76171875
1189.0,2052.274658203125
1190.0,2052.59912109375
1191.0,2053.291015625
1192.0,2054.335693359375
1193.0,2055.624267578125
1194.0,2056.460693359375
1195.0,2057.223876953125
1196.0,2059.56298828125
1197.0,2063.697509765625
1198.0,2067.08740234375
1199.0,2067.311767578125
1200.0,2065.218994140625
1201.0,2063.7392578125
1202.0,2064.33154296875
1203.0,2066.045166015625
1204.0,2067.57861328125
1205.0,2068.768798828125
1206.0,2070.097900390625
1207.0,2071.93017578125
1208.0,2074.514404296875
1209.0,2077.946533203125
1210.0,2081.6171875
1211.0,2083.886962890625
1212.0,2082.837646484375
1213.0,2078.088623046875
1214.0,2072.38134765625
1215.0,2070.70556640625
1216.0,2076.42236328125
1217.0,2087.68359375
1218.0,2098.37548828125
1219.0,2103.134033203125
1220.0,2101.224365234375
1221.0,2095.629638671875
1222.0,2089.412353515625
1223.0,2083.8408203125
1224.0,2079.655517578125
1225.0,2078.846435546875
1226.0,2083.94189453125
1227.0,2095.018310546875
1228.0,2107.959228515625
1229.0,2117.034423828125
1230.0,2120.14306640625
1231.0,2121.0908203125
1232.0,2125.62451171875
1233.0,2134.983154296875
1234.0,2144.084228515625
1235.0,2146.582763671875
1236.0,2141.551513671875
1237.0,2134.946044921875
1238.0,2134.516845703125
1239.0,2143.0478515625
1240.0,2155.991455078125
1241.0,2165.588134765625
1242.0,2167.907470703125
1243.0,2166.11865234375
1244.0,2166.2421875
1245.0,2169.78466796875
1246.0,2172.39990234375
1247.0,2171.03515625
1248.0,2170.212646484375
1249.0,2177.82080078125
1250.0,2195.005615234375
1251.0,2213.826416015625
1252.0,2225.959716796875
1253.0,2230.64111328125
1254.0,2232.54638671875
1255.0,2235.2080078125
1256.0,2239.2724609375
1257.0,2244.578125
1258.0,2250.279541015625
1259.0,2254.22314453125
1260.0,2255.720458984375
1261.0,2258.471923828125
1262.0,2267.587646484375
1263.0,2283.4814453125
1264.0,2301.002685546875
1265.0,2314.52880859375
1266.0,2321.73486328125
1267.0,2322.820556640625
1268.0,2319.3408203125
1269.0,2314.91552734375
1270.0,2314.31689453125
1271.0,2319.32958984375
1272.0,2326.23779296875
1273.0,2329.405517578125
1274.0,2327.656005859375
1275.0,2325.920166015625
1276.0,2329.993408203125
1277.0,2340.52490234375
1278.0,2353.233642578125
1279.0,2364.36865234375
1280.0,2373.81591796875
1281.0,2382.19482421875
1282.0,2387.41650390625
1283.0,2386.892578125
1284.0,2382.349853515625
1285.0,2379.427978515625
1286.0,2381.741455078125
1287.0,2387.331787109375
1288.0,2391.82470703125
1289.0,2393.41650390625
1290.0,2393.940185546875
1291.0,2396.700927734375
1292.0,2404.28076171875
1293.0,2416.685546875
1294.0,2430.12744140625
1295.0,2439.3623046875
1296.0,2443.504150390625
1297.0,2448.410888671875
1298.0,2460.7392578125
1299.0,2480.175537109375
1300.0,2500.123779296875
1301.0,2515.377197265625
1302.0,2525.46875
1303.0,2530.6005859375
1304.0,2529.676025390625
1305.0,2525.215576171875
1306.0,2525.591552734375
1307.0,2537.218994140625
1308.0,2556.470458984375
1309.0,2574.098388671875
1310.0,2586.594970703125
1311.0,2598.392333984375
1312.0,2613.175048828125
1313.0,2628.28955078125
1314.0,2639.4072265625
1315.0,2646.877685546875
1316.0,2655.2890625
1317.0,2668.80859375
1318.0,2687.890380859375
1319.0,2708.270263671875
1320.0,2722.663818359375
1321.0,2726.50634765625
1322.0,2723.624755859375
1323.0,2724.071533203125
1324.0,2734.704345703125
1325.0,2753.263916015625
1326.0,2772.55419921875
1327.0,2788.42822265625
1328.0,2802.104736328125
1329.0,2816.15185546875
1330.0,2830.498291015625
1331.0,2842.727294921875
1332.0,2851.468505859375
1333.0,2859.092529296875
1334.0,2870.7470703125
1335.0,2890.049072265625
1336.0,2915.377685546875
1337.0,2940.932861328125
1338.0,2962.0791015625
1339.0,2979.54931640625
1340.0,2997.710693359375
1341.0,3018.586181640625
1342.0,3038.94970703125
1343.0,3054.818603515625
1344.0,3067.949462890625
1345.0,3085.091064453125
1346.0,3110.13818359375
1347.0,3139.786865234375
1348.0,3168.57958984375
1349.0,3195.415283203125
1350.0,3222.207763671875
1351.0,3248.60693359375
1352.0,3272.684326171875
1353.0,3296.329345703125
1354.0,3324.98876953125
1355.0,3360.29541015625
1356.0,3396.726806640625
1357.0,3428.61474609375
1358.0,3458.5048828125
1359.0,3495.226318359375
1360.0,3543.696533203125
1361.0,3599.038330078125
1362.0,3652.01123046875
1363.0,3699.60986328125
1364.0,3748.869873046875
1365.0,3808.878662109375
1366.0,3879.01904296875
1367.0,3947.72900390625
1368.0,4005.77001953125
1369.0,4059.80712890625
1370.0,4128.9755859375
1371.0,4227.15478515625
1372.0,4352.033203125
1373.0,4492.8037109375
1374.0,4643.880859375
1375.0,4806.90380859375
1376.0,4982.79541015625
1377.0,5169.32666015625
1378.0,5368.7861328125
1379.0,5593.6357421875
1380.0,5859.85498046875
1381.0,6174.05224609375
1382.0,6528.36962890625
1383.0,6906.89599609375
1384.0,7293.4091796875
1385.0,7672.03173828125
1386.0,8026.435546875
1387.0,8345.8974609375
1388.0,8631.525390625
1389.0,8890.5126953125
1390.0,9125.4599609375
1391.0,9338.2216796875
1392.0,9545.66015625
1393.0,9781.904296875
1394.0,10080.7607421875
1395.0,10464.3740234375
1396.0,10953.359375
1397.0,11577.140625
1398.0,12362.9462890625
1399.0,13315.65625
1400.0,14409.9990234375
1401.0,15593.728515625
1402.0,16791.357421875
1403.0,17911.607421875
1404.0,18862.4765625
1405.0,19564.12890625
1406.0,19954.494140625
1407.0,19999.232421875
1408.0,19709.63671875
1409.0,19145.830078125
1410.0,18387.568359375
1411.0,17495.501953125
1412.0,16503.5625
1413.0,15446.046875
1414.0,14378.4306640625
1415.0,13361.9892578125
1416.0,12432.9052734375
1417.0,11595.8173828125
1418.0,10845.8125
1419.0,10187.623046875
1420.0,9632.572265625
1421.0,9186.2392578125
1422.0,8845.400390625
1423.0,8604.2958984375
1424.0,8459.93359375
1425.0,8411.8603515625
1426.0,8459.6298828125
1427.0,8602.7333984375
1428.0,8843.66015625
1429.0,9189.3154296875
1430.0,9647.6650390625
1431.0,10224.4072265625
1432.0,10923.748046875
1433.0,11746.05859375
1434.0,12674.66796875
1435.0,13660.7880859375
1436.0,14623.3857421875
1437.0,15465.861328125
1438.0,16097.39453125
1439.0,16453.361328125
1440.0,16515.44140625
1441.0,16319.6982421875
1442.0,15935.1220703125
1443.0,15422.5576171875
1444.0,14813.3056640625
1445.0,14126.5517578125
1446.0,13395.37109375
1447.0,12664.515625
1448.0,11968.76953125
1449.0,11325.0869140625
1450.0,10741.50390625
1451.0,10220.2724609375
1452.0,9752.9453125
1453.0,9325.767578125
1454.0,8934.486328125
1455.0,8586.7939453125
1456.0,8287.5625
1457.0,8027.56298828125
1458.0,7790.099609375
1459.0,7565.392578125
1460.0,7355.05859375
1461.0,7163.89697265625
1462.0,6991.591796875
1463.0,6834.2373046875
1464.0,6690.32568359375
1465.0,6560.96533203125
1466.0,6445.34765625
1467.0,6339.01123046875
1468.0,6236.1162109375
1469.0,6133.59765625
1470.0,6035.99462890625
1471.0,5953.51123046875
1472.0,5887.88818359375
1473.0,5822.56005859375
1474.0,5737.64794921875
1475.0,5634.3076171875
1476.0,5533.04833984375
1477.0,5448.26953125
1478.0,5375.9462890625
1479.0,5305.94970703125
1480.0,5233.64404296875
1481.0,5157.7841796875
1482.0,5078.94140625
1483.0,5004.66748046875
1484.0,4948.87451171875
1485.0,4921.3974609375
1486.0,4920.2587890625
1487.0,4934.7666015625
1488.0,4953.44775390625
1489.0,4968.7265625
1490.0,4977.58203125
1491.0,4980.97509765625
1492.0,4981.77880859375
1493.0,4980.18896484375
1494.0,4971.75
1495.0,4954.1162109375
1496.0,4935.26416015625
1497.0,4928.58544921875
1498.0,4938.27685546875
1499.0,4955.5859375
1500.0,4970.8564453125
1501.0,4982.3623046875
1502.0,4991.283203125
1503.0,4996.15283203125
1504.0,4997.51513671875
1505.0,5002.55224609375
1506.0,5017.52392578125
1507.0,5034.73486328125
1508.0,5031.5673828125
1509.0,4987.8955078125
1510.0,4905.982421875
1511.0,4808.96826171875
1512.0,4716.6943359375
1513.0,4628.12841796875
1514.0,4532.07568359375
1515.0,4427.845703125
1516.0,4326.0546875
1517.0,4233.865234375
1518.0,4150.35498046875
1519.0,4074.45068359375
1520.0,4007.0078125
1521.0,3944.880859375
1522.0,3882.127197265625
1523.0,3819.455078125
1524.0,3765.95751953125
1525.0,3728.21923828125
1526.0,3701.6298828125
1527.0,3675.684814453125
1528.0,3645.0634765625
1529.0,3611.358154296875
1530.0,3576.067626953125
1531.0,3538.693603515625
1532.0,3502.4521484375
1533.0,3474.0322265625
1534.0,3454.030029296875
1535.0,3434.1220703125
1536.0,3407.79736328125
1537.0,3378.3505859375
1538.0,3353.337158203125
1539.0,3337.260498046875
1540.0,3332.052978515625
1541.0,3337.45068359375
1542.0,3346.93359375
1543.0,3349.199462890625
1544.0,3338.619873046875
1545.0,3321.574462890625
1546.0,3308.994384765625
1547.0,3303.890625
1548.0,3299.14697265625
1549.0,3287.66357421875
1550.0,3271.527587890625
1551.0,3258.979736328125
1552.0,3254.934326171875
1553.0,3258.245361328125
1554.0,3265.93505859375
1555.0,3274.143798828125
1556.0,3275.676025390625
1557.0,3264.05859375
1558.0,3242.412109375
1559.0,3222.418212890625
1560.0,3211.55615234375
1561.0,3206.83251953125
1562.0,3203.942138671875
1563.0,3205.021240234375
1564.0,3211.2041015625
1565.0,3214.65869140625
1566.0,3207.268798828125
1567.0,3193.24609375
1568.0,3184.350830078125
1569.0,3184.8388671875
1570.0,3188.381591796875
1571.0,3188.168701171875
1572.0,3184.104248046875
1573.0,3180.589111328125
1574.0,3180.599853515625
1575.0,3181.840576171875
1576.0,3178.515625
1577.0,3168.17236328125
1578.0,3155.6171875
1579.0,3147.931884765625
1580.0,3146.7392578125
1581.0,3147.3720703125
1582.0,3145.308837890625
1583.0,3141.916748046875
1584.0,3142.019775390625
1585.0,3145.3330078125
1586.0,3144.412353515625
1587.0,3134.444091796875
1588.0,3119.86572265625
1589.0,3106.50927734375
1590.0,3094.2255859375
1591.0,3083.081787109375
1592.0,3077.705078125
1593.0,3078.687255859375
1594.0,3079.4677734375
1595.0,3077.366943359375
1596.0,3077.271240234375
1597.0,3081.5478515625
1598.0,3087.984130859375
1599.0,3097.627197265625
1600.0,3111.851806640625
1601.0,3123.677001953125
1602.0,3124.056884765625
1603.0,3113.3759765625
1604.0,3098.31982421875
1605.0,3084.09521484375
1606.0,3075.2431640625
1607.0,3074.818603515625
1608.0,3079.08837890625
1609.0,3081.7998046875
1610.0,3083.823486328125
1611.0,3090.32470703125
1612.0,3101.02001953125
1613.0,3110.914794921875
1614.0,3117.92724609375
1615.0,3124.133544921875
1616.0,3130.49755859375
1617.0,3133.041259765625
1618.0,3127.23486328125
1619.0,3119.027587890625
1620.0,3125.325927734375
1621.0,3154.0654296875
1622.0,3189.54638671875
1623.0,3210.201171875
1624.0,3216.02392578125
1625.0,3224.297119140625
1626.0,3242.015625
1627.0,3258.9482421875
1628.0,3269.350830078125
1629.0,3285.15869140625
1630.0,3319.591796875
1631.0,3367.429931640625
1632.0,3411.822998046875
1633.0,3445.357666015625
1634.0,3474.595458984375
1635.0,3506.802001953125
1636.0,3540.27685546875
1637.0,3566.968505859375
1638.0,3582.5390625
1639.0,3596.315673828125
1640.0,3627.11376953125
1641.0,3682.93310546875
1642.0,3752.8935546875
1643.0,3826.885986328125
1644.0,3910.48046875
1645.0,4012.474609375
1646.0,4135.662109375
1647.0,4289.75244140625
1648.0,4494.2802734375
1649.0,4760.0712890625
1650.0,5088.0673828125
1651.0,5493.82763671875
1652.0,6011.048828125
1653.0,6657.85009765625
1654.0,7410.6416015625
1655.0,8216.671875
1656.0,9019.6015625
1657.0,9762.787109375
1658.0,10378.0537109375
1659.0,10797.9521484375
1660.0,10995.9365234375
1661.0,11000.88671875
1662.0,10855.1533203125
1663.0,10576.7578125
1664.0,10186.453125
1665.0,9746.7841796875
1666.0,9334.05859375
1667.0,8980.7861328125
1668.0,8674.0009765625
1669.0,8397.2529296875
1670.0,8148.69921875
1671.0,7929.51708984375
1672.0,7737.66552734375
1673.0,7570.12158203125
1674.0,7420.20703125
1675.0,7275.4306640625
1676.0,7124.19970703125
1677.0,6964.49267578125
1678.0,6802.91650390625
1679.0,6644.42919921875
1680.0,6486.82080078125
1681.0,6327.71875
1682.0,6170.923828125
1683.0,6019.625
1684.0,5866.61181640625
1685.0,5697.80322265625
1686.0,5508.66845703125
1687.0,5315.59033203125
1688.0,5143.57373046875
1689.0,4999.6337890625
1690.0,4867.55224609375
1691.0,4731.56103515625
1692.0,4592.0283203125
1693.0,4454.72607421875
1694.0,4319.38232421875
1695.0,4184.1787109375
1696.0,4052.896240234375
1697.0,3934.058837890625
1698.0,3834.135498046875
1699.0,3751.504150390625
1700.0,3679.6552734375
1701.0,3614.47509765625
1702.0,3551.87158203125
1703.0,3485.41064453125
1704.0,3418.580810546875
1705.0,3369.398193359375
1706.0,3347.3212890625
1707.0,3335.540771484375
1708.0,3310.872314453125
1709.0,3271.793701171875
1710.0,3234.54345703125
1711.0,3211.302734375
1712.0,3203.668701171875
1713.0,3208.0576171875
1714.0,3214.99072265625
1715.0,3210.8642578125
1716.0,3191.7314453125
1717.0,3167.824462890625
1718.0,3148.301513671875
1719.0,3134.613037109375
1720.0,3131.55859375
1721.0,3146.0185546875
1722.0,3173.553466796875
1723.0,3203.9287109375
1724.0,3234.58837890625
1725.0,3264.055908203125
1726.0,3284.826416015625
1727.0,3293.64599609375
1728.0,3293.232421875
1729.0,3281.7939453125
1730.0,3258.220947265625
1731.0,3231.176513671875
1732.0,3206.65869140625
1733.0,3178.2451171875
1734.0,3140.7431640625
1735.0,3099.034423828125
1736.0,3058.780029296875
1737.0,3021.837158203125
1738.0,2989.614013671875
1739.0,2961.5380859375
1740.0,2935.824462890625
1741.0,2915.369384765625
1742.0,2903.29150390625
1743.0,2892.612060546875
1744.0,2873.39404296875
1745.0,2850.954833984375
1746.0,2841.448974609375
1747.0,2844.651123046875
1748.0,2839.1181640625
1749.0,2814.058837890625
1750.0,2785.5087890625
1751.0,2769.795166015625
1752.0,2765.47265625
1753.0,2770.0361328125
1754.0,2785.4599609375
1755.0,2802.588623046875
1756.0,2807.1806640625
1757.0,2797.172607421875
1758.0,2775.297119140625
1759.0,2744.6396484375
1760.0,2723.710205078125
1761.0,2732.682861328125
1762.0,2756.525146484375
1763.0,2759.752685546875
1764.0,2740.3427734375
1765.0,2729.18701171875
1766.0,2736.988037109375
1767.0,2742.547119140625
1768.0,2735.790771484375
1769.0,2733.277587890625
1770.0,2741.822265625
1771.0,2740.40087890625
1772.0,2713.481201171875
1773.0,2677.333251953125
1774.0,2658.20703125
1775.0,2664.447021484375
1776.0,2690.528564453125
1777.0,2726.367919921875
1778.0,2752.228759765625
1779.0,2748.959228515625
1780.0,2725.64794921875
1781.0,2712.534912109375
1782.0,2716.259765625
1783.0,2711.437744140625
1784.0,2687.4365234375
1785.0,2669.0185546875
1786.0,2675.531005859375
1787.0,2692.065185546875
1788.0,2698.857177734375
1789.0,2702.547119140625
1790.0,2717.28125
1791.0,2732.228271484375
1792.0,2723.705810546875
1793.0,2693.741455078125
1794.0,2668.818115234375
1795.0,2661.13330078125
1796.0,2661.168212890625
1797.0,2665.209716796875
1798.0,2676.20654296875
1799.0,2684.477783203125
1800.0,2680.389404296875
1801.0,2675.503173828125
1802.0,2685.73095703125
1803.0,2706.16455078125
1804.0,2717.652099609375
1805.0,2708.915283203125
1806.0,2688.350341796875
1807.0,2676.686279296875
1808.0,2683.376708984375
1809.0,2696.06005859375
1810.0,2701.611328125
1811.0,2702.584716796875
1812.0,2702.599609375
1813.0,2696.1318359375
1814.0,2685.741943359375
1815.0,2689.095703125
1816.0,2712.313232421875
1817.0,2731.088134765625
1818.0,2718.280517578125
1819.0,2681.82080078125
1820.0,2654.707763671875
1821.0,2654.111328125
1822.0,2668.02685546875
1823.0,2672.60205078125
1824.0,2653.8798828125
1825.0,2624.992919921875
1826.0,2614.2939453125
1827.0,2627.410400390625
1828.0,2649.40869140625
1829.0,2679.365966796875
1830.0,2714.41748046875
1831.0,2724.005126953125
1832.0,2695.151123046875
1833.0,2663.70654296875
1834.0,2661.243896484375
1835.0,2679.943603515625
1836.0,2701.444580078125
1837.0,2714.082763671875
1838.0,2713.824951171875
1839.0,2715.25732421875
1840.0,2733.16552734375
1841.0,2748.692138671875
1842.0,2731.03125
1843.0,2690.09423828125
1844.0,2670.13037109375
1845.0,2685.203369140625
1846.0,2733.6123046875
1847.0,2770.7421875
1848.0,2771.7392578125
1849.0,2774.0556640625
1850.0,2776.213623046875
1851.0,2776.104248046875
1852.0,2775.012939453125
1853.0,2777.007568359375
1854.0,2784.0576171875
1855.0,2792.5341796875
1856.0,2795.336181640625
1857.0,2787.720947265625
1858.0,2771.060791015625
1859.0,2751.302734375
1860.0,2734.572265625
1861.0,2724.56103515625
1862.0,2723.019775390625
1863.0,2730.534423828125
1864.0,2745.292724609375
1865.0,2761.66748046875
1866.0,2772.027099609375
1867.0,2771.541015625
1868.0,2761.572998046875
1869.0,2748.278564453125
1870.0,2738.03515625
1871.0,2733.935546875
1872.0,2735.224853515625
1873.0,2738.412109375
1874.0,2738.9306640625
1875.0,2733.66162109375
1876.0,2723.626708984375
1877.0,2714.10986328125
1878.0,2710.87890625
1879.0,2715.59521484375
1880.0,2725.029052734375
1881.0,2734.585693359375
1882.0,2742.024169921875
1883.0,2747.922119140625
1884.0,2753.7470703125
1885.0,2760.189453125
1886.0,2766.46728515625
1887.0,2770.0703125
1888.0,2767.759521484375
1889.0,2758.685302734375
1890.0,2747.15234375
1891.0,2740.712646484375
1892.0,2743.7099609375
1893.0,2752.821044921875
1894.0,2760.376708984375
1895.0,2762.54150390625
1896.0,2763.21728515625
1897.0,2769.106689453125
1898.0,2781.517822265625
1899.0,2793.955322265625
1900.0,2797.725341796875
1901.0,2789.370361328125
1902.0,2772.9716796875
1903.0,2756.37744140625
1904.0,2745.6689453125
1905.0,2742.21630859375
1906.0,2743.529541015625
1907.0,2746.443359375
1908.0,2750.1005859375
1909.0,2756.409423828125
1910.0,2767.346435546875
1911.0,2781.284423828125
1912.0,2792.1279296875
1913.0,2793.114013671875
1914.0,2782.6708984375
1915.0,2766.903076171875
1916.0,2755.466064453125
1917.0,2753.562255859375
1918.0,2757.151123046875
1919.0,2756.465087890625
1920.0,2745.42431640625
1921.0,2728.368896484375
1922.0,2717.30419921875
1923.0,2721.71435546875
1924.0,2740.24853515625
1925.0,2761.638427734375
1926.0,2773.276611328125
1927.0,2769.512939453125
1928.0,2753.77490234375
1929.0,2735.118408203125
1930.0,2723.2041015625
1931.0,2724.28662109375
1932.0,2738.86865234375
1933.0,2761.80810546875
1934.0,2785.4892578125
1935.0,2804.166748046875
1936.0,2815.763671875
1937.0,2819.8251953125
1938.0,2814.89306640625
1939.0,2799.30517578125
1940.0,2774.85791015625
1941.0,2748.551025390625
1942.0,2729.259033203125
1943.0,2721.921630859375
1944.0,2724.89599609375
1945.0,2732.899658203125
1946.0,2742.028076171875
1947.0,2751.3369140625
1948.0,2759.765380859375
1949.0,2763.163330078125
1950.0,2756.689453125
1951.0,2741.29736328125
1952.0,2726.553955078125
1953.0,2724.32861328125
1954.0,2737.932373046875
1955.0,2757.788818359375
1956.0,2768.995361328125
1957.0,2763.8701171875
1958.0,2747.59375
1959.0,2732.571044921875
1960.0,2728.01416015625
1961.0,2734.153076171875
1962.0,2744.596923828125
1963.0,2753.279541015625
1964.0,2759.744140625
1965.0,2768.408203125
1966.0,2782.330810546875
1967.0,2797.41064453125
1968.0,2803.8935546875
1969.0,2795.28662109375
1970.0,2775.90283203125
1971.0,2758.21240234375
1972.0,2751.92626953125
1973.0,2756.189697265625
1974.0,2762.712646484375
1975.0,2765.35009765625
1976.0,2765.45263671875
1977.0,2768.499267578125
1978.0,2777.197998046875
1979.0,2788.488525390625
1980.0,2796.488037109375
1981.0,2797.8232421875
1982.0,2794.551025390625
1983.0,2792.3056640625
1984.0,2795.2861328125
1985.0,2802.797119140625
1986.0,2811.013427734375
1987.0,2818.052490234375
1988.0,2826.1845703125
1989.0,2838.252685546875
1990.0,2852.975830078125
1991.0,2865.654296875
1992.0,2873.680419921875
1993.0,2879.6181640625
1994.0,2887.778076171875
1995.0,2898.94873046875
1996.0,2910.071044921875
1997.0,2918.573486328125
1998.0,2925.091552734375
1999.0,2931.545654296875
2000.0,2938.4423828125
2001.0,2945.5654296875
2002.0,2954.18115234375
2003.0,2966.27197265625
2004.0,2981.1728515625
2005.0,2994.7041015625
2006.0,3002.857666015625
2007.0,3005.434326171875
2008.0,3004.5947265625
2009.0,3000.20703125
2010.0,2988.616943359375
2011.0,2967.38232421875
2012.0,2940.80029296875
2013.0,2919.456787109375
2014.0,2913.2255859375
2015.0,2923.79345703125
2016.0,2943.236572265625
2017.0,2959.87646484375
2018.0,2966.598876953125
2019.0,2964.682373046875
2020.0,2959.9169921875
2021.0,2955.0732421875
2022.0,2946.8740234375
2023.0,2931.108154296875
2024.0,2910.08154296875
2025.0,2893.2529296875
2026.0,2889.514892578125
2027.0,2899.385009765625
2028.0,2915.265625
2029.0,2928.494140625
2030.0,2935.13916015625
2031.0,2935.7802734375
2032.0,2931.951904296875
2033.0,2924.2578125
2034.0,2913.53759765625
2035.0,2902.691650390625
2036.0,2896.344482421875
2037.0,2897.585205078125
2038.0,2903.986572265625
2039.0,2907.15576171875
2040.0,2898.139892578125
2041.0,2874.98828125
2042.0,2845.110595703125
2043.0,2819.75634765625
2044.0,2806.415283203125
2045.0,2806.32763671875
2046.0,2816.939453125
2047.0,2833.770751953125
2048.0,2850.014892578125
2049.0,2857.9755859375
2050.0,2854.138427734375
2051.0,2842.72216796875
2052.0,2832.46875
2053.0,2829.341796875
2054.0,2832.521240234375
2055.0,2836.526611328125
2056.0,2835.87060546875
2057.0,2828.444091796875
2058.0,2816.92236328125
2059.0,2807.767333984375
2060.0,2806.91259765625
2061.0,2814.622802734375
2062.0,2825.216796875
2063.0,2832.89306640625
2064.0,2836.785888671875
2065.0,2838.826416015625
2066.0,2838.099853515625
2067.0,2830.814453125
2068.0,2816.86669921875
2069.0,2803.58935546875
2070.0,2800.055419921875
2071.0,2807.76025390625
2072.0,2818.300537109375
2073.0,2819.98779296875
2074.0,2805.96630859375
2075.0,2777.54833984375
2076.0,2743.07421875
2077.0,2714.546875
2078.0,2702.369384765625
2079.0,2709.644775390625
2080.0,2730.52392578125
2081.0,2754.84521484375
2082.0,2774.6142578125
2083.0,2786.19873046875
2084.0,2788.3798828125
2085.0,2781.463623046875
2086.0,2769.173828125
2087.0,2759.059326171875
2088.0,2758.357421875
2089.0,2768.849365234375
2090.0,2786.115478515625
2091.0,2803.154052734375
2092.0,2813.91259765625
2093.0,2814.5546875
2094.0,2804.310791015625
2095.0,2786.923828125
2096.0,2770.289306640625
2097.0,2762.506103515625
2098.0,2766.929931640625
2099.0,2780.481689453125
2100.0,2796.025146484375
2101.0,2806.15869140625
2102.0,2806.3388671875
2103.0,2797.177001953125
2104.0,2785.081787109375
2105.0,2779.0625
2106.0,2783.900146484375
2107.0,2794.900146484375
2108.0,2800.32470703125
2109.0,2791.210205078125
2110.0,2770.327880859375
2111.0,2751.407470703125
2112.0,2748.25439453125
2113.0,2763.23095703125
2114.0,2785.7373046875
2115.0,2801.974609375
2116.0,2806.396484375
2117.0,2804.162353515625
2118.0,2803.721923828125
2119.0,2808.41357421875
2120.0,2815.1591796875
2121.0,2819.31787109375
2122.0,2819.081298828125
2123.0,2815.7666015625
2124.0,2811.840087890625
2125.0,2809.285400390625
2126.0,2808.604248046875
2127.0,2808.390380859375
2128.0,2806.525146484375
2129.0,2802.766357421875
2130.0,2799.94580078125
2131.0,2801.83447265625
2132.0,2809.617431640625
2133.0,2820.469482421875
2134.0,2829.2119140625
2135.0,2831.452392578125
2136.0,2826.396728515625
2137.0,2817.72119140625
2138.0,2811.022216796875
2139.0,2808.9375
2140.0,2808.61376953125
2141.0,2804.791015625
2142.0,2795.196044921875
2143.0,2782.103515625
2144.0,2769.540771484375
2145.0,2761.278564453125
2146.0,2761.5986328125
2147.0,2774.413330078125
2148.0,2798.275146484375
2149.0,2823.192138671875
2150.0,2836.143310546875
2151.0,2831.99072265625
2152.0,2818.386474609375
2153.0,2808.852294921875
2154.0,2810.885498046875
2155.0,2820.615234375
2156.0,2827.9384765625
2157.0,2825.8427734375
2158.0,2815.11474609375
2159.0,2801.663818359375
2160.0,2790.969482421875
2161.0,2785.484619140625
2162.0,2785.8681640625
2163.0,2792.304931640625
2164.0,2803.40185546875
2165.0,2814.65673828125
2166.0,2819.635986328125
2167.0,2813.830810546875
2168.0,2798.5517578125
2169.0,2782.26611328125
2170.0,2777.295654296875
2171.0,2791.43310546875
2172.0,2819.48388671875
2173.0,2844.167724609375
2174.0,2849.302001953125
2175.0,2833.74169921875
2176.0,2810.80322265625
2177.0,2793.755615234375
2178.0,2784.74072265625
2179.0,2779.0830078125
2180.0,2776.156494140625
2181.0,2780.656005859375
2182.0,2793.706298828125
2183.0,2808.1884765625
2184.0,2815.76123046875
2185.0,2815.910400390625
2186.0,2815.179931640625
2187.0,2818.879150390625
2188.0,2826.3583984375
2189.0,2833.65576171875
2190.0,2837.54150390625
2191.0,2836.505615234375
2192.0,2830.89111328125
2193.0,2823.887939453125
2194.0,2820.336181640625
2195.0,2822.17578125
2196.0,2825.947021484375
2197.0,2826.709228515625
2198.0,2823.60400390625
2199.0,2819.38671875
2200.0,2815.260009765625
2201.0,2809.54833984375
2202.0,2802.49755859375
2203.0,2799.450439453125
2204.0,2806.58154296875
2205.0,2824.10595703125
2206.0,2845.156494140625
2207.0,2860.8271484375
2208.0,2865.58984375
2209.0,2859.527587890625
2210.0,2847.845703125
2211.0,2838.178466796875
2212.0,2836.070556640625
2213.0,2841.4609375
2214.0,2849.390380859375
2215.0,2854.1875
2216.0,2853.385009765625
2217.0,2848.978759765625
2218.0,2845.759521484375
2219.0,2847.305419921875
2220.0,2852.393310546875
2221.0,2856.21142578125
2222.0,2856.110107421875
2223.0,2854.6796875
2224.0,2855.63134765625
2225.0,2858.739013671875
2226.0,2861.829345703125
2227.0,2865.89990234375
2228.0,2873.302001953125
2229.0,2880.57470703125
2230.0,2878.510986328125
2231.0,2862.340576171875
2232.0,2838.469482421875
2233.0,2818.115234375
2234.0,2807.189697265625
2235.0,2805.77490234375
2236.0,2814.01953125
2237.0,2832.09521484375
2238.0,2854.4599609375
2239.0,2870.746826171875
2240.0,2875.969970703125
2241.0,2876.55029296875
2242.0,2882.423828125
2243.0,2894.7197265625
2244.0,2904.986328125
2245.0,2906.474365234375
2246.0,2902.447265625
2247.0,2901.376220703125
2248.0,2906.20263671875
2249.0,2911.51025390625
2250.0,2911.004638671875
2251.0,2904.398681640625
2252.0,2895.23486328125
2253.0,2885.0205078125
2254.0,2873.990966796875
2255.0,2867.2060546875
2256.0,2874.096923828125
2257.0,2897.832763671875
2258.0,2927.564208984375
2259.0,2946.021240234375
2260.0,2945.24951171875
2261.0,2931.847412109375
2262.0,2916.73974609375
2263.0,2904.042236328125
2264.0,2892.05126953125
2265.0,2881.287353515625
2266.0,2876.478515625
2267.0,2880.4150390625
2268.0,2889.335693359375
2269.0,2896.240478515625
2270.0,2897.73291015625
2271.0,2896.70166015625
2272.0,2898.945068359375
2273.0,2907.723876953125
2274.0,2921.0361328125
2275.0,2933.480712890625
2276.0,2940.51953125
2277.0,2940.79345703125
2278.0,2934.71826171875
2279.0,2922.61474609375
2280.0,2905.97509765625
2281.0,2889.781005859375
2282.0,2880.73486328125
2283.0,2881.726806640625
2284.0,2889.257568359375
2285.0,2897.611083984375
2286.0,2904.891845703125
2287.0,2914.064208984375
2288.0,2928.9365234375
2289.0,2950.174072265625
2290.0,2974.1318359375
2291.0,2993.83056640625
2292.0,3002.016357421875
2293.0,2996.527099609375
2294.0,2984.27392578125
2295.0,2977.949462890625
2296.0,2985.589599609375
2297.0,3002.104248046875
2298.0,3012.336669921875
2299.0,3004.708740234375
2300.0,2983.27490234375
2301.0,2965.87451171875
2302.0,2968.751220703125
2303.0,2992.12353515625
2304.0,3021.318603515625
2305.0,3041.75
2306.0,3050.80224609375
2307.0,3054.57373046875
2308.0,3056.57080078125
2309.0,3053.73583984375
2310.0,3042.842041015625
2311.0,3026.400146484375
2312.0,3010.653076171875
2313.0,3000.4560546875
2314.0,2997.732666015625
2315.0,3002.435791015625
2316.0,3012.532958984375
2317.0,3024.287109375
2318.0,3034.60546875
2319.0,3042.4375
2320.0,3046.91064453125
2321.0,3046.36572265625
2322.0,3041.94580078125
2323.0,3040.41259765625
2324.0,3048.98974609375
2325.0,3066.200927734375
2326.0,3080.48828125
2327.0,3079.677978515625
2328.0,3061.045654296875
2329.0,3032.181640625
2330.0,3004.2431640625
2331.0,2985.125
2332.0,2976.597900390625
2333.0,2975.650634765625
2334.0,2979.11474609375
2335.0,2987.671630859375
2336.0,3003.453125
2337.0,3022.364013671875
2338.0,3031.90380859375
2339.0,3021.29052734375
2340.0,2993.954345703125
2341.0,2966.1142578125
2342.0,2951.3740234375
2343.0,2949.4287109375
2344.0,2951.432861328125
2345.0,2952.83056640625
2346.0,2956.79150390625
2347.0,2966.56396484375
2348.0,2979.4306640625
2349.0,2989.716796875
2350.0,2994.80859375
2351.0,2996.358154296875
2352.0,2997.443115234375
2353.0,3000.2431640625
2354.0,3004.953369140625
2355.0,3008.9033203125
2356.0,3007.455322265625
2357.0,2997.781494140625
2358.0,2982.1767578125
2359.0,2967.0966796875
2360.0,2959.1005859375
2361.0,2961.43017578125
2362.0,2972.415771484375
2363.0,2985.61279296875
2364.0,2993.1396484375
2365.0,2991.82666015625
2366.0,2986.57421875
2367.0,2986.306884765625
2368.0,2996.529296875
2369.0,3016.36279296875
2370.0,3040.99658203125
2371.0,3063.994140625
2372.0,3077.7119140625
2373.0,3075.777099609375
2374.0,3058.099853515625
2375.0,3032.46044921875
2376.0,3009.39453125
2377.0,2995.400634765625
2378.0,2990.772705078125
2379.0,2992.114990234375
2380.0,2995.907470703125
2381.0,3000.805908203125
2382.0,3007.38916015625
2383.0,3015.105224609375
2384.0,3020.214599609375
2385.0,3019.46630859375
2386.0,3016.009521484375
2387.0,3017.56103515625
2388.0,3026.128662109375
2389.0,3033.1416015625
2390.0,3029.299072265625
2391.0,3017.234619140625
2392.0,3008.75390625
2393.0,3009.089599609375
2394.0,3009.26416015625
2395.0,2996.95166015625
2396.0,2971.864013671875
2397.0,2947.428466796875
2398.0,2938.81396484375
2399.0,2951.140869140625
2400.0,2977.09423828125
2401.0,3002.63671875
2402.0,3015.899658203125
2403.0,3014.659423828125
2404.0,3007.398681640625
2405.0,3005.7041015625
2406.0,3013.71533203125
2407.0,3025.040771484375
2408.0,3030.8642578125
2409.0,3030.462646484375
2410.0,3031.793212890625
2411.0,3041.000244140625
2412.0,3053.6201171875
2413.0,3059.17724609375
2414.0,3054.086669921875
2415.0,3046.418212890625
2416.0,3046.31640625
2417.0,3054.643310546875
2418.0,3063.91357421875
2419.0,3068.427978515625
2420.0,3069.798095703125
2421.0,3073.220947265625
2422.0,3082.18896484375
2423.0,3097.2353515625
2424.0,3115.72314453125
2425.0,3130.61376953125
2426.0,3132.7294921875
2427.0,3118.464111328125
2428.0,3095.07861328125
2429.0,3075.229736328125
2430.0,3065.18896484375
2431.0,3060.315673828125
2432.0,3053.15234375
2433.0,3043.808837890625
2434.0,3039.615966796875
2435.0,3045.205810546875
2436.0,3056.497314453125
2437.0,3066.07861328125
2438.0,3071.90966796875
2439.0,3077.744140625
2440.0,3086.288818359375
2441.0,3095.77734375
2442.0,3103.90283203125
2443.0,3111.5830078125
2444.0,3120.234619140625
2445.0,3127.2900390625
2446.0,3128.2763671875
2447.0,3124.208251953125
2448.0,3123.687255859375
2449.0,3133.643798828125
2450.0,3147.8466796875
2451.0,3149.43603515625
2452.0,3129.714599609375
2453.0,3102.99072265625
2454.0,3096.23681640625
2455.0,3121.17529296875
2456.0,3161.021484375
2457.0,3188.635498046875
2458.0,3194.20458984375
2459.0,3190.189208984375
2460.0,3192.4560546875
2461.0,3204.314697265625
2462.0,3218.9208984375
2463.0,3229.130859375
2464.0,3231.31982421875
2465.0,3225.526611328125
2466.0,3217.074951171875
2467.0,3214.35791015625
2468.0,3219.567626953125
2469.0,3223.947265625
2470.0,3218.056396484375
2471.0,3205.88232421875
2472.0,3202.4638671875
2473.0,3216.035888671875
2474.0,3238.062255859375
2475.0,3254.049560546875
2476.0,3259.711181640625
2477.0,3261.719482421875
2478.0,3265.506103515625
2479.0,3268.9970703125
2480.0,3269.1923828125
2481.0,3269.621337890625
2482.0,3277.826416015625
2483.0,3297.0009765625
2484.0,3321.861572265625
2485.0,3342.03173828125
2486.0,3349.676513671875
2487.0,3346.26318359375
2488.0,3342.559326171875
2489.0,3349.467529296875
2490.0,3367.527587890625
2491.0,3387.284423828125
2492.0,3400.33251953125
2493.0,3406.90673828125
2494.0,3411.89697265625
2495.0,3418.0185546875
2496.0,3425.892578125
2497.0,3436.649658203125
2498.0,3449.804443359375
2499.0,3461.44580078125
2500.0,3469.644775390625
2501.0,3479.134521484375
2502.0,3494.08349609375
2503.0,3507.39111328125
2504.0,3505.5859375
2505.0,3487.14892578125
2506.0,3469.36083984375
2507.0,3471.947265625
2508.0,3497.182373046875
2509.0,3529.58251953125
2510.0,3551.73974609375
2511.0,3557.084716796875
2512.0,3551.28515625
2513.0,3546.394775390625
2514.0,3550.803466796875
2515.0,3559.41650390625
2516.0,3556.39990234375
2517.0,3534.45947265625
2518.0,3509.5166015625
2519.0,3506.92138671875
2520.0,3530.878173828125
2521.0,3556.326904296875
2522.0,3556.7109375
2523.0,3533.351806640625
2524.0,3509.556396484375
2525.0,3500.0556640625
2526.0,3497.22607421875
2527.0,3488.475341796875
2528.0,3475.878173828125
2529.0,3470.681396484375
2530.0,3474.821533203125
2531.0,3478.47216796875
2532.0,3475.364990234375
2533.0,3471.4306640625
2534.0,3475.608154296875
2535.0,3488.348876953125
2536.0,3502.2177734375
2537.0,3509.28369140625
2538.0,3506.07568359375
2539.0,3496.520263671875
2540.0,3492.30419921875
2541.0,3504.632080078125
2542.0,3531.655517578125
2543.0,3558.13037109375
2544.0,3571.089111328125
2545.0,3572.186767578125
2546.0,3571.166748046875
2547.0,3571.13525390625
2548.0,3565.836669921875
2549.0,3550.3291015625
2550.0,3529.260498046875
2551.0,3512.885498046875
2552.0,3507.2255859375
2553.0,3509.311767578125
2554.0,3509.96142578125
2555.0,3499.990966796875
2556.0,3477.822021484375
2557.0,3456.296875
2558.0,3458.70849609375
2559.0,3497.3134765625
2560.0,3552.34033203125
2561.0,3582.324951171875
2562.0,3563.76953125
2563.0,3514.97021484375
2564.0,3473.053466796875
2565.0,3453.04150390625
2566.0,3439.5390625
2567.0,3414.949951171875
2568.0,3382.860595703125
2569.0,3360.055908203125
2570.0,3354.649658203125
2571.0,3359.785888671875
2572.0,3366.6875
2573.0,3376.40283203125
2574.0,3394.023193359375
2575.0,3414.23681640625
2576.0,3421.251220703125
2577.0,3407.56201171875
2578.0,3386.412841796875
2579.0,3376.925048828125
2580.0,3379.50830078125
2581.0,3376.531982421875
2582.0,3359.22021484375
2583.0,3343.2177734375
2584.0,3349.30126953125
2585.0,3373.747314453125
2586.0,3388.50341796875
2587.0,3373.489990234375
2588.0,3341.8017578125
2589.0,3326.022216796875
2590.0,3341.223388671875
2591.0,3369.17529296875
2592.0,3381.770263671875
2593.0,3372.580810546875
2594.0,3357.4140625
2595.0,3348.2216796875
2596.0,3338.76708984375
2597.0,3319.216552734375
2598.0,3295.011474609375
2599.0,3283.711669921875
2600.0,3296.821533203125
2601.0,3329.326171875
2602.0,3363.91748046875
2603.0,3382.748779296875
2604.0,3379.619384765625
2605.0,3364.3671875
2606.0,3352.495361328125
2607.0,3350.135009765625
2608.0,3353.71142578125
2609.0,3361.372314453125
2610.0,3373.888671875
2611.0,3385.047119140625
2612.0,3385.648681640625
2613.0,3380.19140625
2614.0,3384.482666015625
2615.0,3400.835693359375
2616.0,3410.936767578125
2617.0,3401.88623046875
2618.0,3384.89990234375
2619.0,3376.706787109375
2620.0,3374.692626953125
2621.0,3364.54052734375
2622.0,3345.1875
2623.0,3332.68701171875
2624.0,3342.2080078125
2625.0,3375.72119140625
2626.0,3423.80517578125
2627.0,3469.170654296875
2628.0,3490.6962890625
2629.0,3477.16357421875
2630.0,3442.22119140625
2631.0,3418.081298828125
2632.0,3428.467041015625
2633.0,3470.684326171875
2634.0,3525.0576171875
2635.0,3573.5791015625
2636.0,3604.958740234375
2637.0,3611.560791015625
2638.0,3593.33544921875
2639.0,3563.0
2640.0,3538.833984375
2641.0,3531.044189453125
2642.0,3538.07568359375
2643.0,3554.341552734375
2644.0,3576.84814453125
2645.0,3602.890869140625
2646.0,3623.98095703125
2647.0,3628.235595703125
2648.0,3614.26123046875
2649.0,3598.611083984375
2650.0,3599.14208984375
2651.0,3611.5302734375
2652.0,3614.57568359375
2653.0,3600.73486328125
2654.0,3588.1220703125
2655.0,3596.781005859375
2656.0,3624.263671875
2657.0,3651.2255859375
2658.0,3662.60693359375
2659.0,3656.602783203125
2660.0,3639.38623046875
2661.0,3619.433349609375
2662.0,3605.60009765625
2663.0,3603.309814453125
2664.0,3609.5556640625
2665.0,3616.442138671875
2666.0,3623.389892578125
2667.0,3638.4267578125
2668.0,3658.642822265625
2669.0,3658.596435546875
2670.0,3616.36328125
2671.0,3549.024169921875
2672.0,3502.609619140625
2673.0,3503.2890625
2674.0,3533.4892578125
2675.0,3558.228515625
2676.0,3559.646484375
2677.0,3542.913330078125
2678.0,3523.26708984375
2679.0,3513.980224609375
2680.0,3518.388671875
2681.0,3527.65380859375
2682.0,3528.322265625
2683.0,3513.42041015625
2684.0,3486.9208984375
2685.0,3460.69189453125
2686.0,3447.71826171875
2687.0,3454.329833984375
2688.0,3475.977294921875
2689.0,3499.383544921875
2690.0,3508.82373046875
2691.0,3495.476318359375
2692.0,3467.024658203125
2693.0,3444.43212890625
2694.0,3440.75
2695.0,3445.83056640625
2696.0,3440.877197265625
2697.0,3424.94775390625
2698.0,3416.80078125
2699.0,3430.968505859375
2700.0,3460.191650390625
2701.0,3483.469970703125
2702.0,3488.44384765625
2703.0,3483.595947265625
2704.0,3485.843994140625
2705.0,3498.2578125
2706.0,3509.634033203125
2707.0,3516.36083984375
2708.0,3528.135009765625
2709.0,3546.27734375
2710.0,3555.84912109375
2711.0,3549.323974609375
2712.0,3538.331787109375
2713.0,3530.968994140625
2714.0,3520.0458984375
2715.0,3508.630859375
2716.0,3523.62158203125
2717.0,3581.07470703125
2718.0,3652.11572265625
2719.0,3685.250732421875
2720.0,3658.59765625
2721.0,3598.111328125
2722.0,3548.62109375
2723.0,3536.634521484375
2724.0,3559.1357421875
2725.0,3598.0849609375
2726.0,3636.7490234375
2727.0,3662.6552734375
2728.0,3670.197021484375
2729.0,3673.91015625
2730.0,3705.85888671875
2731.0,3776.733154296875
2732.0,3848.723876953125
2733.0,3876.03955078125
2734.0,3867.02978515625
2735.0,3872.4912109375
2736.0,3913.427001953125
2737.0,3957.556396484375
2738.0,3973.47509765625
2739.0,3972.914794921875
2740.0,3986.373291015625
2741.0,4023.80712890625
2742.0,4074.54443359375
2743.0,4129.58642578125
2744.0,4190.3955078125
2745.0,4259.517578125
2746.0,4329.52587890625
2747.0,4389.25146484375
2748.0,4445.87646484375
2749.0,4526.25146484375
2750.0,4638.890625
2751.0,4750.5849609375
2752.0,4827.85693359375
2753.0,4887.0234375
2754.0,4968.2451171875
2755.0,5070.9560546875
2756.0,5157.5234375
2757.0,5221.140625
2758.0,5307.482421875
2759.0,5453.13232421875
2760.0,5630.78466796875
2761.0,5776.14794921875
2762.0,5856.3271484375
2763.0,5895.93359375
2764.0,5942.27734375
2765.0,6019.22412109375
2766.0,6117.12255859375
2767.0,6218.62841796875
2768.0,6324.134765625
2769.0,6444.64453125
2770.0,6570.7802734375
2771.0,6664.9111328125
2772.0,6700.82275390625
2773.0,6703.13427734375
2774.0,6724.2861328125
2775.0,6783.4326171875
2776.0,6851.5791015625
2777.0,6899.75439453125
2778.0,6938.716796875
2779.0,7002.234375
2780.0,7103.85986328125
2781.0,7216.8134765625
2782.0,7297.15576171875
2783.0,7333.23486328125
2784.0,7366.30322265625
2785.0,7443.44921875
2786.0,7556.8828125
2787.0,7658.19482421875
2788.0,7729.73291015625
2789.0,7809.701171875
2790.0,7941.74658203125
2791.0,8124.1669921875
2792.0,8318.7451171875
2793.0,8502.9921875
2794.0,8707.0458984375
2795.0,8982.4609375
2796.0,9324.4560546875
2797.0,9656.2646484375
2798.0,9920.2451171875
2799.0,10149.560546875
2800.0,10409.01171875
2801.0,10703.1328125
2802.0,10990.009765625
2803.0,11243.525390625
2804.0,11447.6005859375
2805.0,11570.1025390625
2806.0,11600.96484375
2807.0,11585.6455078125
2808.0,11573.7177734375
2809.0,11559.8671875
2810.0,11507.20703125
2811.0,11404.09375
2812.0,11279.3759765625
2813.0,11180.2587890625
2814.0,11136.005859375
2815.0,11130.677734375
2816.0,11126.6962890625
2817.0,11115.86328125
2818.0,11111.9912109375
2819.0,11105.810546875
2820.0,11085.4521484375
2821.0,11082.7568359375
2822.0,11126.744140625
2823.0,11175.3828125
2824.0,11171.48828125
2825.0,11135.7568359375
2826.0,11127.7880859375
2827.0,11151.5146484375
2828.0,11168.9091796875
2829.0,11167.1015625
2830.0,11156.8173828125
2831.0,11150.5185546875
2832.0,11180.8154296875
2833.0,11285.591796875
2834.0,11445.5048828125
2835.0,11591.6552734375
2836.0,11692.7451171875
2837.0,11781.201171875
2838.0,11891.0693359375
2839.0,12028.5712890625
2840.0,12199.109375
2841.0,12402.9462890625
2842.0,12612.0361328125
2843.0,12809.6962890625
2844.0,13042.5302734375
2845.0,13375.7451171875
2846.0,13806.2978515625
2847.0,14274.021484375
2848.0,14752.70703125
2849.0,15278.1689453125
2850.0,15880.873046875
2851.0,16536.2890625
2852.0,17200.2578125
2853.0,17854.716796875
2854.0,18483.72265625
2855.0,19035.765625
2856.0,19465.7109375
2857.0,19801.44921875
2858.0,20107.033203125
2859.0,20379.78515625
2860.0,20545.294921875
2861.0,20561.62109375
2862.0,20470.751953125
2863.0,20333.884765625
2864.0,20166.720703125
2865.0,19958.380859375
2866.0,19715.83203125
2867.0,19467.904296875
2868.0,19249.86328125
2869.0,19094.869140625
2870.0,19012.37890625
2871.0,18968.91015625
2872.0,18928.75390625
2873.0,18917.2890625
2874.0,18988.408203125
2875.0,19122.1484375
2876.0,19226.37109375
2877.0,19258.015625
2878.0,19270.654296875
2879.0,19327.08984375
2880.0,19440.75390625
2881.0,19611.611328125
2882.0,19831.89453125
2883.0,20041.390625
2884.0,20161.408203125
2885.0,20189.271484375
2886.0,20191.935546875
2887.0,20212.595703125
2888.0,20248.474609375
2889.0,20289.28515625
2890.0,20309.328125
2891.0,20273.818359375
2892.0,20216.40625
2893.0,20230.283203125
2894.0,20321.630859375
2895.0,20377.62109375
2896.0,20345.228515625
2897.0,20327.73828125
2898.0,20432.05078125
2899.0,20616.1796875
2900.0,20756.455078125
2901.0,20809.173828125
2902.0,20858.779296875
2903.0,21024.994140625
2904.0,21343.9296875
2905.0,21747.626953125
2906.0,22153.55859375
2907.0,22545.33203125
2908.0,22958.2890625
2909.0,23422.96875
2910.0,23940.8125
2911.0,24487.970703125
2912.0,25031.609375
2913.0,25569.05859375
2914.0,26158.544921875
2915.0,26873.625
2916.0,27705.32421875
2917.0,28553.392578125
2918.0,29352.064453125
2919.0,30150.1484375
2920.0,31008.826171875
2921.0,31885.185546875
2922.0,32701.2578125
2923.0,33466.93359375
2924.0,34233.69921875
2925.0,34973.1640625
2926.0,35600.03515625
2927.0,36082.46484375
2928.0,36448.60546875
2929.0,36718.41796875
2930.0,36897.10546875
2931.0,36994.0390625
2932.0,36991.3984375
2933.0,36850.4296875
2934.0,36598.1640625
2935.0,36329.75
2936.0,36066.38671875
2937.0,35689.7265625
2938.0,35082.70703125
2939.0,34288.61328125
2940.0,33484.62109375
2941.0,32794.8515625
2942.0,32134.36328125
2943.0,31302.56640625
2944.0,30284.232421875
2945.0,29328.556640625
2946.0,28612.416015625
2947.0,28011.98046875
2948.0,27369.11328125
2949.0,26740.12109375
2950.0,26189.30859375
2951.0,25620.021484375
2952.0,25011.353515625
2953.0,24527.28125
2954.0,24212.84765625
2955.0,23867.48828125
2956.0,23354.6015625
2957.0,22779.986328125
2958.0,22280.98828125
2959.0,21855.76171875
2960.0,21446.34375
2961.0,21028.13671875
2962.0,20592.8671875
2963.0,20137.3515625
2964.0,19674.4921875
2965.0,19218.1484375
2966.0,18762.275390625
2967.0,18276.203125
2968.0,17722.41015625
2969.0,17108.9453125
2970.0,16516.59375
2971.0,16025.119140625
2972.0,15622.7744140625
2973.0,15243.4658203125
2974.0,14872.1240234375
2975.0,14545.0810546875
2976.0,14264.1708984375
2977.0,13988.158203125
2978.0,13714.796875
2979.0,13505.3291015625
2980.0,13393.6142578125
2981.0,13309.1943359375
2982.0,13150.5517578125
2983.0,12926.3515625
2984.0,12739.1279296875
2985.0,12621.7978515625
2986.0,12511.26171875
2987.0,12409.2861328125
2988.0,12421.3193359375
2989.0,12586.3779296875
2990.0,12801.6259765625
2991.0,12960.177734375
2992.0,13063.84765625
2993.0,13174.0517578125
2994.0,13315.0185546875
2995.0,13438.86328125
2996.0,13466.8876953125
2997.0,13371.7822265625
2998.0,13216.39453125
2999.0,13090.9765625
3000.0,13009.68359375
3001.0,12897.1318359375
3002.0,12700.47265625
3003.0,12473.107421875
3004.0,12289.83203125
3005.0,12133.2314453125
3006.0,11943.5068359375
3007.0,11717.96484375
3008.0,11488.5625
3009.0,11268.576171875
3010.0,11057.5244140625
3011.0,10837.97265625
3012.0,10586.36328125
3013.0,10325.103515625
3014.0,10092.1435546875
3015.0,9864.2919921875
3016.0,9621.8623046875
3017.0,9427.1142578125
3018.0,9301.080078125
3019.0,9128.8994140625
3020.0,8832.0595703125
3021.0,8511.6298828125
3022.0,8294.693359375
3023.0,8157.75341796875
3024.0,8000.74072265625
3025.0,7799.84716796875
3026.0,7610.2822265625
3027.0,7466.88037109375
3028.0,7333.22705078125
3029.0,7158.28076171875
3030.0,6962.74853515625
3031.0,6812.75
3032.0,6708.2568359375
3033.0,6593.5263671875
3034.0,6481.2822265625
3035.0,6435.13671875
3036.0,6422.7919921875
3037.0,6334.02001953125
3038.0,6151.716796875
3039.0,5976.890625
3040.0,5890.77783203125
3041.0,5885.84326171875
3042.0,5904.63330078125
3043.0,5884.396484375
3044.0,5798.4248046875
3045.0,5683.03759765625
3046.0,5596.2294921875
3047.0,5557.79833984375
3048.0,5556.10693359375
3049.0,5586.06884765625
3050.0,5650.08935546875
3051.0,5729.9892578125
3052.0,5770.99951171875
3053.0,5722.205078125
3054.0,5616.08740234375
3055.0,5552.23681640625
3056.0,5560.8427734375
3057.0,5566.81396484375
3058.0,5527.88525390625
3059.0,5496.06640625
3060.0,5506.4306640625
3061.0,5510.41455078125
3062.0,5452.4052734375
3063.0,5359.51123046875
3064.0,5323.9560546875
3065.0,5373.849609375
3066.0,5407.193359375
3067.0,5343.08447265625
3068.0,5253.06494140625
3069.0,5217.54541015625
3070.0,5194.2294921875
3071.0,5150.35205078125
3072.0,5134.7587890625
3073.0,5132.13623046875
3074.0,5060.9716796875
3075.0,4952.30126953125
3076.0,4920.48486328125
3077.0,4969.65283203125
3078.0,5011.14404296875
3079.0,5011.8427734375
3080.0,4980.10791015625
3081.0,4910.63427734375
3082.0,4846.49609375
3083.0,4852.9296875
3084.0,4886.9814453125
3085.0,4866.92236328125
3086.0,4835.20068359375
3087.0,4856.27587890625
3088.0,4857.30322265625
3089.0,4771.19091796875
3090.0,4698.90966796875
3091.0,4750.373046875
3092.0,4857.544921875
3093.0,4890.42041015625
3094.0,4847.70166015625
3095.0,4810.2265625
3096.0,4792.88720703125
3097.0,4757.07373046875
3098.0,4696.21240234375
3099.0,4614.2607421875
3100.0,4504.48388671875
3101.0,4405.37646484375
3102.0,4371.001953125
3103.0,4379.58203125
3104.0,4381.34912109375
3105.0,4388.22119140625
3106.0,4421.00390625
3107.0,4452.8720703125
3108.0,4473.4833984375
3109.0,4509.47998046875
3110.0,4539.560546875
3111.0,4497.44873046875
3112.0,4400.646484375
3113.0,4373.88330078125
3114.0,4491.26025390625
3115.0,4660.21142578125
3116.0,4699.548828125
3117.0,4521.40673828125
3118.0,4247.24267578125
3119.0,4104.74072265625
3120.0,4156.095703125
3121.0,4223.35107421875
3122.0,4163.9833984375
3123.0,4069.913330078125
3124.0,4080.00048828125
3125.0,4164.20849609375
3126.0,4240.59228515625
3127.0,4346.5537109375
3128.0,4504.79296875
3129.0,4563.85400390625
3130.0,4404.22412109375
3131.0,4174.94189453125
3132.0,4089.550537109375
3133.0,4121.5546875
3134.0,4110.94482421875
3135.0,4034.32958984375
3136.0,3998.47021484375
3137.0,4050.439208984375
3138.0,4108.09423828125
3139.0,4090.26171875
3140.0,4063.375
3141.0,4148.896484375
3142.0,4287.701171875
3143.0,4271.02392578125
3144.0,4039.238525390625
3145.0,3774.074462890625
3146.0,3667.78466796875
3147.0,3754.1982421875
3148.0,3957.12255859375
3149.0,4159.5400390625
3150.0,4246.5966796875
3151.0,4191.5068359375
3152.0,4074.837890625
3153.0,3982.7353515625
3154.0,3946.542724609375
3155.0,3968.54541015625
3156.0,4016.784912109375
3157.0,4019.15185546875
3158.0,3945.4970703125
3159.0,3872.791015625
3160.0,3907.010986328125
3161.0,4045.119140625
3162.0,4152.0986328125
3163.0,4112.4345703125
3164.0,4003.752685546875
3165.0,4020.76171875
3166.0,4172.14404296875
3167.0,4221.73486328125
3168.0,4052.6669921875
3169.0,3873.86962890625
3170.0,3899.305419921875
3171.0,4049.601318359375
3172.0,4131.4873046875
3173.0,4099.9453125
3174.0,4024.343994140625
3175.0,3970.680419921875
3176.0,3976.93359375
3177.0,4023.722900390625
3178.0,4041.381103515625
3179.0,4012.92724609375
3180.0,3982.049560546875
3181.0,3946.575927734375
3182.0,3900.547607421875
3183.0,3926.162353515625
3184.0,4042.16455078125
3185.0,4093.96435546875
3186.0,3986.16064453125
3187.0,3819.387451171875
3188.0,3678.005126953125
3189.0,3547.6865234375
3190.0,3492.96826171875
3191.0,3632.620849609375
3192.0,3889.98193359375
3193.0,4007.67333984375
3194.0,3897.61767578125
3195.0,3758.67333984375
3196.0,3719.6591796875
3197.0,3660.577392578125
3198.0,3550.45849609375
3199.0,3561.611572265625
3200.0,3704.72216796875
3201.0,3774.037841796875
3202.0,3690.84521484375
3203.0,3569.255859375
3204.0,3533.748779296875
3205.0,3630.71337890625
3206.0,3781.77099609375
3207.0,3855.892578125
3208.0,3846.37841796875
3209.0,3798.980224609375
3210.0,3678.911865234375
3211.0,3565.564697265625
3212.0,3685.667724609375
3213.0,3985.893798828125
3214.0,4092.188720703125
3215.0,3912.77783203125
3216.0,3774.402099609375
3217.0,3803.071533203125
3218.0,3745.474365234375
3219.0,3526.348876953125
3220.0,3398.733642578125
3221.0,3476.063720703125
3222.0,3626.997802734375
3223.0,3762.92333984375
3224.0,3824.440673828125
3225.0,3697.334716796875
3226.0,3416.27734375
3227.0,3205.14794921875
3228.0,3224.874267578125
3229.0,3458.280517578125
3230.0,3763.201904296875
3231.0,3949.758056640625
3232.0,3934.404541015625
3233.0,3834.633056640625
3234.0,3835.544921875
3235.0,3977.92626953125
3236.0,4103.44482421875
3237.0,4042.99609375
3238.0,3857.67431640625
3239.0,3761.01025390625
3240.0,3805.55810546875
3241.0,3883.412841796875
3242.0,3994.2451171875
3243.0,4181.7333984375
3244.0,4300.3408203125
3245.0,4186.9560546875
3246.0,3925.234375
3247.0,3721.17236328125
3248.0,3671.986328125
3249.0,3708.951416015625
3250.0,3673.36328125
3251.0,3509.477294921875
3252.0,3362.767578125
3253.0,3385.85498046875
3254.0,3537.741943359375
3255.0,3679.7587890625
3256.0,3768.145751953125
3257.0,3837.731201171875
3258.0,3890.33154296875
3259.0,3893.668212890625
3260.0,3823.8115234375
3261.0,3736.190185546875
3262.0,3775.44970703125
3263.0,3937.543701171875
3264.0,4011.0439453125
3265.0,3953.89990234375
3266.0,3955.26953125
3267.0,4035.76904296875
3268.0,4009.430908203125
3269.0,3840.091796875
3270.0,3729.938720703125
3271.0,3824.16845703125
3272.0,4018.111572265625
3273.0,4159.94677734375
3274.0,4208.63671875
3275.0,4115.23193359375
3276.0,3898.33154296875
3277.0,3767.997314453125
3278.0,3854.263916015625
3279.0,4019.53173828125
3280.0,4071.212646484375
3281.0,3970.126220703125
3282.0,3854.197509765625
3283.0,3867.41748046875
3284.0,3946.228271484375
3285.0,3950.921875
3286.0,3886.40625
3287.0,3761.433837890625
3288.0,3540.861572265625
3289.0,3382.8994140625
3290.0,3461.08642578125
3291.0,3608.29736328125
3292.0,3641.727783203125
3293.0,3718.897216796875
3294.0,3969.087890625
3295.0,4226.53515625
3296.0,4290.9443359375
3297.0,4148.4990234375
3298.0,3983.044677734375
3299.0,3935.281494140625
3300.0,3868.511474609375
3301.0,3694.829345703125
3302.0,3637.995361328125
3303.0,3808.54248046875
3304.0,3969.130126953125
3305.0,3911.296142578125
3306.0,3747.252685546875
3307.0,3742.502685546875
3308.0,3893.96044921875
3309.0,3926.96240234375
3310.0,3849.6630859375
3311.0,3941.4736328125
3312.0,4138.9052734375
3313.0,4173.10498046875
3314.0,4070.12451171875
3315.0,3933.524658203125
3316.0,3795.536865234375
3317.0,3836.180419921875
3318.0,4088.789306640625
3319.0,4242.3916015625
3320.0,4176.6787109375
3321.0,4118.5830078125
3322.0,4161.2861328125
3323.0,4162.70068359375
3324.0,4081.399169921875
3325.0,4045.934814453125
3326.0,4056.68408203125
3327.0,3946.5078125
3328.0,3722.55126953125
3329.0,3582.34130859375
3330.0,3639.7236328125
3331.0,3815.106201171875
3332.0,3832.4150390625
3333.0,3593.69287109375
3334.0,3471.95556640625
3335.0,3619.1826171875
3336.0,3648.479736328125
3337.0,3504.463134765625
3338.0,3548.5244140625
3339.0,3783.713623046875
3340.0,3994.062744140625
3341.0,4120.06640625
3342.0,4074.768310546875
3343.0,3930.548095703125
3344.0,4003.17724609375
3345.0,4270.7548828125
3346.0,4424.662109375
3347.0,4357.65673828125
3348.0,4067.223876953125
3349.0,3706.20361328125
3350.0,3540.488525390625
3351.0,3438.81689453125
3352.0,3249.756591796875
3353.0,3267.679443359375
3354.0,3540.777587890625
3355.0,3732.0576171875
3356.0,3763.625244140625
3357.0,3780.903076171875
3358.0,3867.34375
3359.0,3983.80224609375
3360.0,3979.71630859375
3361.0,3860.7861328125
3362.0,3832.510986328125
3363.0,3909.068603515625
3364.0,3934.103515625
3365.0,3987.46142578125
3366.0,4151.71044921875
3367.0,4115.77880859375
3368.0,3782.29638671875
3369.0,3618.648681640625
3370.0,3839.677978515625
3371.0,4172.87646484375
3372.0,4316.04345703125
3373.0,4095.181396484375
3374.0,3812.58837890625
3375.0,3941.941162109375
3376.0,4177.91357421875
3377.0,4029.2216796875
3378.0,3701.818359375
3379.0,3508.884521484375
3380.0,3552.095703125
3381.0,3794.69384765625
3382.0,3919.718505859375
3383.0,3907.0498046875
3384.0,4099.3935546875
3385.0,4362.55224609375
3386.0,4444.97900390625
3387.0,4573.21484375
3388.0,4813.0087890625
3389.0,4904.22412109375
3390.0,4732.43701171875
3391.0,4259.83447265625
3392.0,3667.000732421875
3393.0,3455.019775390625
3394.0,3693.5244140625
3395.0,3939.918701171875
3396.0,3999.095703125
3397.0,3888.99462890625
3398.0,3593.89404296875
3399.0,3314.79931640625
3400.0,3408.86279296875
3401.0,3927.57666015625
3402.0,4365.29052734375
3403.0,4257.1748046875
3404.0,3955.3662109375
3405.0,3966.0146484375
3406.0,4015.496337890625
3407.0,3777.09716796875
3408.0,3598.4375
3409.0,3722.46630859375
3410.0,3884.7265625
3411.0,4002.352294921875
3412.0,4167.82861328125
3413.0,4296.193359375
3414.0,4383.17236328125
3415.0,4297.404296875
3416.0,3862.947021484375
3417.0,3568.62060546875
3418.0,3772.706298828125
3419.0,4005.010498046875
3420.0,3969.96826171875
3421.0,3767.7705078125
3422.0,3536.148681640625
3423.0,3505.191650390625
3424.0,3625.303466796875
3425.0,3700.25537109375
