Paracetamol,
148.32,50507.2
150.7,47864.7
153.07,42118.6
155.45,35656.9
157.82,29864.1
160.2,25361.8
162.57,22898.8
164.94,21611.5
167.31,20181.4
169.68,18982.2
172.05,17930.8
174.42,16589.0
176.79,15804.8
179.15,15245.2
181.52,14938.2
183.88,14689.1
186.24,14748.8
188.61,15187.3
190.97,15981.5
193.33,17574.3
195.69,19119.5
198.04,20814.7
200.4,22008.7
202.76,23501.1
205.11,26386.1
207.46,30829.5
209.82,34413.4
212.17,35336.0
214.52,32702.0
216.87,27645.7
219.22,22543.5
221.56,19008.5
223.91,16159.2
226.25,14108.1
228.6,12415.5
230.94,11139.9
233.28,10239.4
235.63,9620.2
237.97,9029.9
240.3,8655.2
242.64,8199.1
244.98,7898.3
247.32,7623.9
249.65,7165.2
251.99,6952.6
254.32,6731.5
256.65,6541.8
258.98,6438.5
261.31,6339.9
263.64,6173.0
265.97,6022.1
268.3,5978.9
270.62,5919.3
272.95,5988.2
275.27,5948.3
277.59,5728.6
279.92,5796.1
282.24,5811.4
284.56,5843.7
286.88,5769.4
289.19,5859.7
291.51,5827.5
293.83,5928.0
296.14,5983.2
298.46,6080.2
300.77,6277.0
303.08,6447.2
305.39,6506.4
307.7,6637.9
310.01,7095.7
312.32,7676.6
314.63,8525.0
316.93,9910.6
319.24,12368.5
321.54,15928.3
323.84,20824.0
326.15,23172.1
328.45,21748.9
330.75,17646.0
333.05,14851.3
335.34,14686.3
337.64,13313.6
339.94,9585.8
342.23,7472.4
344.53,6376.9
346.82,5826.3
349.11,5549.5
351.4,5319.5
353.69,5222.2
355.98,5235.3
358.27,5366.3
360.56,5349.8
362.84,5423.4
365.13,5779.9
367.41,5859.3
369.69,5969.9
371.98,6135.2
374.26,6472.3
376.54,7071.4
378.82,8248.2
381.1,10327.3
383.37,14942.6
385.65,24425.0
387.93,36678.1
390.2,36642.6
392.47,23584.0
394.75,13693.9
397.02,9349.8
399.29,7456.8
401.56,7037.2
403.83,6761.6
406.09,7488.8
408.36,9227.9
410.62,9467.7
412.89,6867.9
415.15,5622.3
417.42,5111.4
419.68,4947.4
421.94,4975.1
424.2,4898.4
426.46,4981.6
428.71,4900.2
430.97,4868.0
433.23,4961.9
435.48,4861.2
437.74,4922.3
439.99,4953.7
442.24,5130.6
444.49,5355.3
446.74,5882.2
448.99,6639.7
451.24,7380.7
453.49,7766.3
455.73,8564.1
457.98,10674.9
460.22,13679.0
462.46,15763.3
464.71,14262.3
466.95,11074.9
469.19,8567.1
471.43,7398.9
473.67,6553.9
475.9,6239.1
478.14,5881.5
480.38,5652.2
482.61,5406.6
484.85,5247.2
487.08,5248.5
489.31,5151.2
491.54,5221.1
493.77,5604.4
496.0,6650.9
498.23,9765.5
500.45,15501.1
502.68,16346.6
504.91,9863.3
507.13,6422.1
509.35,5440.1
511.58,5051.2
513.8,5047.2
516.02,5039.8
518.24,4907.7
520.45,4693.7
522.67,4629.2
524.89,4515.7
527.1,4439.8
529.32,4464.0
531.53,4382.4
533.75,4358.7
535.96,4442.9
538.17,4348.0
540.38,4397.4
542.59,4383.8
544.8,4408.2
547.0,4390.5
549.21,4331.2
551.41,4409.2
553.62,4391.2
555.82,4385.4
558.02,4465.1
560.23,4487.3
562.43,4575.5
564.63,4514.0
566.82,5053.3
569.02,4490.1
571.22,4624.3
573.41,4638.5
575.61,4589.5
577.8,4699.8
580.0,4711.9
582.19,4781.0
584.38,4818.8
586.57,4987.1
588.76,5183.0
590.95,5385.0
593.14,5771.7
595.32,6381.3
597.51,7690.0
599.69,9495.9
601.88,11019.2
604.06,9998.8
606.24,7724.8
608.42,6395.9
610.6,5878.4
612.78,5809.7
614.96,6075.5
617.14,6900.8
619.31,8412.4
621.49,10923.5
623.66,14053.0
625.84,14873.4
628.01,12240.0
630.18,9279.8
632.35,7795.5
634.52,7293.6
636.69,7328.3
638.86,8097.5
641.02,9844.3
643.19,13569.5
645.36,22169.4
647.52,36120.1
649.68,41454.5
651.85,28171.4
654.01,15776.1
656.17,10430.9
658.33,8340.0
660.49,7334.0
662.64,7004.9
664.8,6811.4
666.96,6750.3
669.11,6744.5
671.27,6942.5
673.42,7119.8
675.57,7373.8
677.72,7687.9
679.88,7999.7
682.02,8295.6
684.17,8471.3
686.32,8354.7
688.47,8345.6
690.61,8104.0
692.76,7934.8
694.9,7789.2
697.05,7754.5
699.19,7854.6
701.33,8351.7
703.47,9783.2
705.61,12726.9
707.75,17225.5
709.89,17163.5
712.03,11282.6
714.16,8454.2
716.3,7498.3
718.43,7354.3
720.56,7334.5
722.7,7357.6
724.83,7478.3
726.96,7622.3
729.09,7582.7
731.22,7545.6
733.35,7533.2
735.47,7183.9
737.6,6979.1
739.72,6625.6
741.85,6374.8
743.97,6241.5
746.09,5928.3
748.22,5798.8
750.34,5636.9
752.46,5484.5
754.58,5400.9
756.69,5351.3
758.81,5218.3
760.93,5180.1
763.04,5133.5
765.16,5098.8
767.27,5132.7
769.38,5088.5
771.5,5174.0
773.61,5279.2
775.72,5398.5
777.83,5594.0
779.93,6031.9
782.04,6645.8
784.15,7757.0
786.25,9849.5
788.36,14212.1
790.46,22412.4
792.57,34838.5
794.67,43302.2
796.77,38454.2
798.87,25751.8
800.97,17037.6
803.07,12909.6
805.17,10350.6
807.26,8862.1
809.36,7971.8
811.45,7625.7
813.55,7675.5
815.64,8217.9
817.73,9265.6
819.82,10045.6
821.92,10294.5
824.01,10144.1
826.09,10364.3
828.18,11828.2
830.27,14684.9
832.36,16934.2
834.44,14041.3
836.53,10055.9
838.61,8699.0
840.69,8657.2
842.77,9448.5
844.85,11139.0
846.94,14643.7
849.01,21369.0
851.09,34594.2
853.17,55234.4
855.25,65535.0
857.32,62512.6
859.4,39025.7
861.47,22181.3
863.54,14310.1
865.62,10289.2
867.69,8173.6
869.76,6744.9
871.83,6075.5
873.9,5486.5
875.97,5135.9
878.03,4903.7
880.1,4739.4
882.16,4613.4
884.23,4513.2
886.29,4452.0
888.36,4438.3
890.42,4448.0
892.48,4442.0
894.54,4274.8
896.6,4385.2
898.66,4320.2
900.71,4400.8
902.77,4425.8
904.83,4466.8
906.88,4455.3
908.94,4460.7
910.99,4455.2
913.04,4495.5
915.09,4333.0
917.14,4465.7
919.19,4326.2
921.24,4257.4
923.29,4339.4
925.34,4271.3
927.38,4361.0
929.43,4315.7
931.47,4223.6
933.52,4180.5
935.56,4231.4
937.6,4272.4
939.65,4329.4
941.69,4487.5
943.73,4739.7
945.76,5166.0
947.8,5059.0
949.84,4535.9
951.88,4398.3
953.91,4436.3
955.95,4610.3
957.98,5001.2
960.01,5984.1
962.04,7929.9
964.07,11262.7
966.11,14279.0
968.13,13213.1
970.16,9248.2
972.19,6548.4
974.22,5434.8
976.24,4896.1
978.27,4599.3
980.29,4516.7
982.32,4458.6
984.34,4304.5
986.36,4376.3
988.38,4450.7
990.4,4484.9
992.42,4591.7
994.44,4770.8
996.46,4847.6
998.47,4983.5
1000.49,5251.7
1002.51,5646.9
1004.52,5957.9
1006.53,6281.8
1008.55,6499.8
1010.56,6749.5
1012.57,7505.3
1014.58,7759.6
1016.59,7305.7
1018.6,6642.1
1020.6,5968.9
1022.61,5479.9
1024.62,5241.6
1026.62,5021.5
1028.63,5094.0
1030.63,5180.8
1032.63,5288.7
1034.63,5368.6
1036.64,5020.4
1038.64,4756.5
1040.63,4801.8
1042.63,4708.0
1044.63,4548.3
1046.63,4526.9
1048.62,4246.5
1050.62,4182.9
1052.61,4123.4
1054.61,4222.1
1056.6,4034.2
1058.59,4109.8
1060.58,4120.7
1062.57,4106.4
1064.56,3941.7
1066.55,3845.2
1068.54,3852.9
1070.52,3905.5
1072.51,3901.2
1074.5,3916.8
1076.48,3918.9
1078.46,3962.5
1080.45,3964.8
1082.43,3921.6
1084.41,3972.1
1086.39,4046.5
1088.37,4041.8
1090.35,4155.8
1092.33,4415.8
1094.3,4786.0
1096.28,5756.6
1098.25,7304.0
1100.23,8849.0
1102.2,9584.6
1104.18,9156.8
1106.15,7944.9
1108.12,6434.7
1110.09,5292.3
1112.06,4799.6
1114.03,4449.1
1116.0,4525.2
1117.96,4625.0
1119.93,4820.4
1121.89,4890.8
1123.86,4729.6
1125.82,4658.2
1127.79,4314.4
1129.75,4196.4
1131.71,3945.5
1133.67,3875.3
1135.63,3832.2
1137.59,3923.6
1139.55,3789.0
1141.51,3902.8
1143.46,3939.0
1145.42,3990.2
1147.37,4103.1
1149.33,4192.1
1151.28,4263.5
1153.23,4443.7
1155.19,4747.8
1157.14,5354.4
1159.09,6585.4
1161.04,10142.6
1162.99,19076.9
1164.93,32153.4
1166.88,35848.9
1168.83,20835.2
1170.77,10090.8
1172.72,6501.6
1174.66,5181.2
1176.6,4631.4
1178.55,4463.9
1180.49,4393.0
1182.43,4423.6
1184.37,4426.0
1186.31,4417.9
1188.24,4433.9
1190.18,4369.4
1192.12,4417.6
1194.05,4421.2
1195.99,4459.6
1197.92,4533.5
1199.86,4679.0
1201.79,4994.5
1203.72,5288.8
1205.65,5696.7
1207.58,6246.6
1209.51,7103.1
1211.44,7887.7
1213.37,8799.6
1215.3,9575.7
1217.22,10558.3
1219.15,11686.2
1221.07,12803.8
1223.0,13745.6
1224.92,14887.6
1226.84,17046.4
1228.76,20972.0
1230.68,28416.2
1232.6,38191.3
1234.52,43488.2
1236.44,38402.1
1238.36,28143.4
1240.28,19155.9
1242.19,13388.7
1244.11,11098.8
1246.02,10092.8
1247.94,10255.5
1249.85,11345.8
1251.76,13375.8
1253.67,15348.0
1255.58,15278.9
1257.49,12707.7
1259.4,9502.5
1261.31,7648.1
1263.22,7093.7
1265.12,7366.4
1267.03,8542.4
1268.93,10835.7
1270.84,14304.9
1272.74,18530.4
1274.64,21903.8
1276.55,22104.5
1278.45,18719.7
1280.35,13417.0
1282.25,9761.8
1284.15,7630.7
1286.04,6628.8
1287.94,6103.5
1289.84,5857.4
1291.73,5840.7
1293.63,5920.5
1295.52,5894.4
1297.42,5889.2
1299.31,5961.7
1301.2,6000.4
1303.09,6176.3
1304.98,6490.6
1306.87,7161.1
1308.76,8194.6
1310.65,9712.3
1312.53,12658.6
1314.42,17533.0
1316.31,25278.4
1318.19,35623.1
1320.08,44302.9
1321.96,46669.7
1323.84,41681.6
1325.72,34831.3
1327.6,27931.3
1329.48,22028.7
1331.36,17049.5
1333.24,13091.1
1335.12,10819.4
1337.0,9377.1
1338.87,8492.5
1340.75,7928.4
1342.62,7269.4
1344.5,7051.1
1346.37,6959.8
1348.24,6950.4
1350.12,7089.9
1351.99,7463.8
1353.86,8070.7
1355.73,8922.8
1357.6,9963.1
1359.46,11382.6
1361.33,12984.7
1363.2,15614.3
1365.06,18441.9
1366.93,20922.1
1368.79,21911.3
1370.66,20991.2
1372.52,18593.5
1374.38,15598.1
1376.24,12899.8
1378.1,10755.1
1379.96,9200.3
1381.82,7998.3
1383.68,7121.8
1385.54,6491.7
1387.39,6103.7
1389.25,5743.4
1391.1,5411.4
1392.96,5141.4
1394.81,5001.5
1396.66,4914.0
1398.52,4792.6
1400.37,4653.1
1402.22,4721.5
1404.07,4644.2
1405.92,4581.4
1407.77,4596.8
1409.61,4556.1
1411.46,4582.3
1413.31,4693.9
1415.15,4775.8
1417.0,4943.7
1418.84,5038.0
1420.68,5183.1
1422.53,5260.1
1424.37,5246.0
1426.21,5390.6
1428.05,5665.6
1429.89,5667.5
1431.73,5803.1
1433.56,6026.5
1435.4,6198.2
1437.24,6321.6
1439.07,6434.1
1440.91,6665.6
1442.74,6696.8
1444.57,6603.7
1446.41,6265.0
1448.24,5956.9
1450.07,5641.2
1451.9,5252.5
1453.73,5008.6
1455.56,4710.5
1457.39,4528.6
1459.21,4286.4
1461.04,4273.4
1462.87,4080.7
1464.69,3983.6
1466.52,3922.4
1468.34,3801.0
1470.16,3802.4
1471.99,3665.2
1473.81,3584.0
1475.63,3542.7
1477.45,3463.1
1479.27,3430.9
1481.09,3441.9
1482.9,3383.9
1484.72,3390.2
1486.54,3358.4
1488.35,3423.9
1490.17,3396.9
1491.98,3478.7
1493.79,3610.7
1495.61,3722.9
1497.42,3927.6
1499.23,4330.6
1501.04,4961.4
1502.85,5575.4
1504.66,5729.3
1506.47,5266.5
1508.28,5103.4
1510.08,5673.3
1511.89,6332.1
1513.69,6437.1
1515.5,5433.7
1517.3,4617.2
1519.1,4117.0
1520.91,3833.3
1522.71,3652.3
1524.51,3607.0
1526.31,3582.2
1528.11,3567.0
1529.91,3603.1
1531.71,3554.5
1533.5,3638.2
1535.3,3864.7
1537.1,3881.9
1538.89,4080.3
1540.69,4304.6
1542.48,4646.9
1544.27,5056.2
1546.06,5769.2
1547.86,6645.1
1549.65,7965.7
1551.44,9535.7
1553.23,11375.4
1555.01,13407.2
1556.8,14898.1
1558.59,15450.3
1560.38,14977.0
1562.16,14153.3
1563.95,12584.6
1565.73,11000.4
1567.51,9414.2
1569.3,7994.1
1571.08,6936.1
1572.86,6151.8
1574.64,5573.0
1576.42,5227.4
1578.2,4996.6
1579.98,4819.1
1581.76,4812.6
1583.53,4817.6
1585.31,4978.9
1587.09,5137.7
1588.86,5407.8
1590.64,5769.6
1592.41,6404.8
1594.18,7176.0
1595.95,8467.2
1597.73,10253.6
1599.5,12539.9
1601.27,15718.5
1603.03,20299.5
1604.8,25655.8
1606.57,30328.2
1608.34,31134.4
1610.1,28261.5
1611.87,26175.7
1613.64,26389.8
1615.4,27467.3
1617.16,26237.9
1618.93,22240.5
1620.69,16785.3
1622.45,12183.3
1624.21,9643.1
1625.97,8385.8
1627.73,7825.0
1629.49,7768.5
1631.25,8020.6
1633.0,8784.4
1634.76,9620.9
1636.52,10839.7
1638.27,12748.2
1640.02,15191.8
1641.78,18988.8
1643.53,23379.9
1645.28,25941.0
1647.03,25527.5
1648.79,21965.6
1650.54,19099.9
1652.29,17502.9
1654.03,16465.8
1655.78,14508.2
1657.53,11539.3
1659.28,8699.5
1661.02,6814.2
1662.77,5695.2
1664.51,5036.8
1666.26,4556.4
1668.0,4166.6
1669.74,3820.5
1671.48,3731.8
1673.22,3476.2
1674.96,3275.5
1676.7,3191.4
1678.44,2990.9
1680.18,2909.3
1681.92,2919.6
1683.65,2778.5
1685.39,2704.9
1687.13,2661.4
1688.86,2614.3
1690.59,2572.9
1692.33,2612.3
1694.06,2561.4
1695.79,2538.0
1697.52,2545.0
1699.25,2485.1
1700.98,2459.7
1702.71,2377.1
1704.44,2420.6
1706.17,2370.5
1707.9,2327.7
1709.62,2385.1
1711.35,2436.4
1713.07,2346.8
1714.8,2422.7
1716.52,2309.4
1718.25,2312.9
1719.97,2300.3
1721.69,2305.3
1723.41,2228.4
1725.13,2272.3
1726.85,2270.1
1728.57,2379.4
1730.29,2290.6
1732.0,2224.5
1733.72,2198.3
1735.44,2259.0
1737.15,2278.1
1738.87,2223.9
1740.58,2218.8
1742.29,2296.8
1744.01,2249.9
1745.72,2232.1
1747.43,2197.6
1749.14,2296.2
1750.85,2330.7
1752.56,2190.6
1754.27,2247.4
1755.98,2194.2
1757.68,2224.3
1759.39,2236.6
1761.1,2241.0
1762.8,2254.5
1764.5,2171.4
1766.21,2200.3
1767.91,2186.6
1769.61,2226.9
1771.32,2127.6
1773.02,2121.5
1774.72,2163.5
1776.42,2058.2
1778.12,2063.9
1779.81,2041.1
1781.51,2057.8
1783.21,2040.7
1784.9,2055.4
1786.6,2028.9
1788.3,2058.8
1789.99,1998.1
1791.68,2054.9
1793.38,1999.2
1795.07,1999.0
1796.76,2062.1
1798.45,2020.9
1800.14,2049.5
1801.83,2065.1
1803.52,2009.9
1805.21,2029.2
1806.9,2020.4
1808.58,2022.6
1810.27,1972.6
1811.95,1964.4
1813.64,2018.3
1815.32,2069.3
1817.01,2042.5
1818.69,1972.8
1820.37,1984.1
1822.05,1982.8
1823.73,1994.8
1825.41,1983.4
1827.09,2016.8
1828.77,1950.0
1830.45,1994.1
1832.13,1970.5
1833.8,1976.6
1835.48,1947.9
1837.16,1979.8
1838.83,2004.0
1840.5,2064.1
1842.18,1968.9
1843.85,2039.9
1845.52,1997.0
1847.19,2019.9
1848.87,2076.2
1850.54,2072.4
1852.2,2010.6
1853.87,1969.3
1855.54,1987.6
1857.21,1976.7
1858.88,1993.9
1860.54,2104.4
1862.21,1972.4
1863.87,1941.7
1865.54,1960.6
1867.2,1976.6
1868.86,1912.0
1870.53,1898.1
1872.19,1967.3
1873.85,1976.7
1875.51,1915.3
1877.17,1925.6
1878.83,1983.7
1880.48,2017.8
1882.14,1947.1
1883.8,1918.7
1885.46,1944.7
1887.11,1990.5
1888.77,1895.4
1890.42,2046.2
1892.07,1918.6
1893.73,1936.5
1895.38,1889.3
1897.03,1931.8
1898.68,1977.2
1900.33,1898.3
1901.98,1918.1
1903.63,1978.7
1905.28,1914.0
1906.93,1863.6
1908.57,1951.9
1910.22,1863.9
1911.87,1816.9
1913.51,1860.4
1915.16,1920.5
1916.8,1791.9
1918.44,1860.2
1920.09,1812.7
1921.73,1871.6
1923.37,1808.5
1925.01,1821.1
1926.65,1824.8
1928.29,1807.1
1929.93,1792.9
1931.56,1896.7
1933.2,1877.6
1934.84,1825.1
1936.47,1796.4
1938.11,1907.5
1939.74,1829.1
1941.38,1850.2
1943.01,1763.5
1944.64,1797.4
1946.28,1824.5
1947.91,1766.1
1949.54,1807.8
1951.17,1887.1
1952.8,1847.7
1954.43,1754.8
1956.06,1837.9
1957.68,1778.1
1959.31,1878.4
1960.94,1831.1
1962.56,1825.6
1964.19,1743.2
1965.81,1842.7
1967.44,1767.2
1969.06,1735.5
1970.68,1739.2
1972.3,1762.8
1973.92,1727.5
1975.55,1825.3
1977.16,1760.5
1978.78,1706.3
1980.4,1747.4
1982.02,1797.1
1983.64,1737.6
1985.25,1829.7
1986.87,1704.8
1988.49,1759.8
1990.1,1896.5
1991.72,1724.6
1993.33,1717.0
1994.94,1713.2
1996.55,1737.7
1998.17,1767.5
1999.78,1720.9
2001.39,1723.7
2003.0,1769.6
2004.61,1707.4
2006.21,1696.4
2007.82,1691.2
2009.43,1690.7
2011.04,1687.6
2012.64,1786.9
2014.25,1737.3
2015.85,1717.9
2017.46,1791.1
2019.06,1762.9
2020.66,1748.6
2022.26,1772.7
2023.86,1833.0
2025.47,1842.2
2027.07,1738.5
2028.67,1851.3
2030.26,1806.1
2031.86,1758.8
2033.46,1705.3
2035.06,1749.9
2036.65,1683.8
2038.25,1746.8
2039.84,1747.8
2041.44,1665.1
2043.03,1697.3
2044.63,1686.4
2046.22,1738.0
2047.81,1678.6
2049.4,1681.0
2050.99,1704.5
2052.58,1666.8
2054.17,1728.7
2055.76,1684.5
2057.35,1704.6
2058.94,1688.4
2060.52,1670.8
2062.11,1754.5
2063.7,1711.4
2065.28,1730.9
2066.87,1607.3
2068.45,1653.0
2070.03,1907.4
2071.62,1706.3
2073.2,1659.5
2074.78,1647.4
2076.36,1697.8
2077.94,1653.8
2079.52,1629.3
2081.1,1659.7
2082.68,1778.8
2084.26,1674.2
2085.83,1693.9
2087.41,1671.1
2088.98,1802.7
2090.56,1695.5
2092.13,1687.4
2093.71,1678.1
2095.28,1685.6
2096.85,1767.6
2098.43,1673.0
2100.0,1636.0
2101.57,1647.3
2103.14,1635.4
2104.71,1630.4
2106.28,1582.1
2107.85,1629.9
2109.41,1641.4
2110.98,1676.9
2112.55,1629.0
2114.11,1621.3
2115.68,1605.3
2117.24,1597.9
2118.81,1599.6
2120.37,1640.9
2121.93,1642.9
2123.5,1602.8
2125.06,1604.9
2126.62,1625.8
2128.18,1610.8
2129.74,1597.5
2131.3,1569.7
2132.86,1609.5
2134.41,1596.1
2135.97,1576.1
2137.53,1616.8
2139.08,1596.1
2140.64,1534.3
2142.2,1593.5
2143.75,1539.6
2145.3,1556.0
2146.86,1547.7
2148.41,1546.2
2149.96,1769.6
2151.51,1717.0
2153.06,1580.2
2154.61,1546.4
2156.16,1561.6
2157.71,1551.0
2159.26,1556.8
2160.81,1620.9
2162.35,1667.7
2163.9,1569.8
2165.45,1570.9
2166.99,1573.2
2168.54,1528.0
2170.08,1544.4
2171.62,1525.5
2173.17,1555.5
2174.71,1556.3
2176.25,1602.7
2177.79,1551.6
2179.33,1555.6
2180.87,1578.2
2182.41,1585.2
2183.95,1598.9
2185.49,1554.9
2187.02,1561.1
2188.56,1593.7
2190.1,1526.3
2191.63,1582.1
2193.17,1612.6
2194.7,1588.8
2196.24,1598.1
2197.77,1528.6
2199.3,1634.4
2200.83,1586.1
2202.36,1644.6
2203.89,1516.5
2205.42,1576.2
2206.95,1521.2
2208.48,1554.2
2210.01,1511.4
2211.54,1548.0
2213.07,1494.3
2214.59,1523.9
2216.12,1593.3
2217.64,1536.6
2219.17,1561.0
2220.69,1524.6
2222.22,1594.6
2223.74,1571.2
2225.26,1595.4
2226.78,1557.0
2228.31,1542.8
2229.83,1710.7
2231.35,1560.5
2232.87,1580.1
2234.38,1552.3
2235.9,1609.8
2237.42,1529.2
2238.94,1606.3
2240.45,1511.4
2241.97,1463.1
2243.48,1476.5
2245.0,1478.8
2246.51,1499.2
2248.03,1477.8
2249.54,1531.7
2251.05,1498.0
2252.56,1475.3
2254.07,1544.5
2255.59,1496.3
2257.1,1449.2
2258.6,1585.1
2260.11,1481.2
2261.62,1446.5
2263.13,1462.9
2264.64,1530.9
2266.14,1460.9
2267.65,1445.8
2269.15,1449.6
2270.66,1499.8
2272.16,1504.8
2273.67,1534.3
2275.17,1454.5
2276.67,1442.1
2278.17,1468.0
2279.67,1467.6
2281.17,1504.0
2282.67,1482.5
2284.17,1594.9
2285.67,1430.8
2287.17,1483.1
2288.67,1439.4
2290.17,1497.6
2291.66,1454.3
2293.16,1490.8
2294.65,1565.1
2296.15,1492.3
2297.64,1443.5
2299.14,1491.6
2300.63,1484.3
2302.12,1452.8
2303.61,1462.8
2305.1,1477.4
2306.59,1494.8
2308.08,1423.1
2309.57,1449.0
2311.06,1475.6
2312.55,1463.9
2314.04,1394.1
2315.53,1472.9
2317.01,1462.4
2318.5,1434.7
2319.98,1551.0
2321.47,1497.5
2322.95,1471.7
2324.44,1462.8
2325.92,1535.5
2327.4,1466.7
2328.89,1457.2
2330.37,1446.1
2331.85,1441.4
2333.33,1476.0
2334.81,1476.3
2336.29,1473.6
2337.76,1463.8
2339.24,1424.5
2340.72,1430.0
2342.2,1530.5
2343.67,1412.9
2345.15,1462.2
2346.62,1508.4
2348.1,1451.1
2349.57,1409.8
2351.05,1443.1
2352.52,1473.9
2353.99,1370.9
2355.46,1458.7
2356.93,1511.8
2358.4,1459.0
2359.87,1426.3
2361.34,1420.6
2362.81,1393.9
2364.28,1364.2
2365.75,1432.3
2367.21,1375.0
2368.68,1413.7
2370.15,1415.8
2371.61,1392.2
2373.08,1429.8
2374.54,1472.4
2376.01,1373.9
2377.47,1408.8
2378.93,1456.7
2380.39,1451.1
2381.85,1507.9
2383.32,1835.5
2384.78,1439.0
2386.24,1371.6
2387.69,1402.7
2389.15,1370.3
2390.61,1379.8
2392.07,1443.8
2393.53,1463.9
2394.98,1424.7
2396.44,1391.6
2397.89,1402.2
2399.35,1380.0
2400.8,1379.4
2402.25,1444.0
2403.71,1437.7
2405.16,1497.2
2406.61,1394.3
2408.06,1365.5
2409.51,1359.5
2410.96,1392.3
2412.41,1455.4
2413.86,1381.4
2415.31,1371.4
2416.76,1413.7
2418.21,1393.0
2419.65,1394.7
2421.1,1392.9
2422.54,1374.5
2423.99,1404.6
2425.43,1364.6
2426.88,1383.0
2428.32,1411.8
2429.76,1394.6
2431.21,1378.7
2432.65,1387.4
2434.09,1435.6
2435.53,1459.2
2436.97,1372.9
2438.41,1448.0
2439.85,1374.0
2441.29,1418.9
2442.72,1469.5
2444.16,1411.1
2445.6,1439.0
2447.03,1439.2
2448.47,1452.4
2449.9,1462.2
2451.34,1418.5
2452.77,1470.5
2454.21,1515.0
2455.64,1551.4
2457.07,1442.1
2458.5,1488.6
2459.93,1457.9
2461.36,1489.6
2462.79,1544.7
2464.22,1520.8
2465.65,1480.6
2467.08,1505.1
2468.51,1480.8
2469.94,1449.8
2471.36,1558.4
2472.79,1518.5
2474.21,1479.4
2475.64,1481.1
2477.06,1482.7
2478.49,1541.8
2479.91,1578.0
2481.33,1475.6
2482.76,1481.5
2484.18,1432.0
2485.6,1519.8
2487.02,1478.2
2488.44,1556.1
2489.86,1495.0
2491.28,1461.9
2492.7,1418.0
2494.12,1455.9
2495.53,1487.1
2496.95,1515.0
2498.37,1429.9
2499.78,1440.5
2501.2,1416.3
2502.61,1432.9
2504.03,1398.6
2505.44,1441.0
2506.85,1403.4
2508.26,1455.6
2509.68,1455.1
2511.09,1362.5
2512.5,1421.5
2513.91,1393.8
2515.32,1403.4
2516.73,1423.2
2518.14,1439.8
2519.54,1451.3
2520.95,1448.1
2522.36,1360.6
2523.77,1362.0
2525.17,1418.1
2526.58,1397.4
2527.98,1360.7
2529.39,1470.5
2530.79,1357.3
2532.19,1342.1
2533.6,1455.3
2535.0,1414.0
2536.4,1344.6
2537.8,1348.3
2539.2,1393.0
2540.6,1362.4
2542.0,1429.1
2543.4,1388.7
2544.8,1422.1
2546.2,1538.9
2547.59,1452.3
2548.99,1396.8
2550.39,1386.1
2551.78,1399.0
2553.18,1419.0
2554.57,1404.0
2555.96,1409.7
2557.36,1391.6
2558.75,1366.0
2560.14,1383.6
2561.54,1355.5
2562.93,1427.4
2564.32,1414.5
2565.71,1371.9
2567.1,1352.3
2568.49,1374.0
2569.88,1333.1
2571.26,1379.0
2572.65,1349.1
2574.04,1379.3
2575.43,1339.8
2576.81,1356.3
2578.2,1332.3
2579.58,1427.2
2580.97,1377.2
2582.35,1451.6
2583.73,1352.0
2585.12,1334.6
2586.5,1335.4
2587.88,1403.2
2589.26,1418.1
2590.64,1400.2
2592.02,1335.7
2593.4,1400.1
2594.78,1453.7
2596.16,1354.9
2597.54,1449.5
2598.91,1386.3
2600.29,1353.7
2601.67,1416.3
2603.04,1446.1
2604.42,1326.0
2605.79,1332.6
2607.17,1332.9
2608.54,1426.9
2609.92,1368.7
2611.29,1434.1
2612.66,1315.4
2614.03,1415.9
2615.4,1355.3
2616.77,1336.4
2618.14,1402.4
2619.51,1322.3
2620.88,1352.8
2622.25,1388.3
2623.62,1360.9
2624.99,1390.1
2626.35,1371.8
2627.72,1410.5
2629.09,1409.1
2630.45,1342.7
2631.82,1347.1
2633.18,1433.0
2634.54,1337.4
2635.91,1421.2
2637.27,1380.0
2638.63,1376.1
2639.99,1317.7
2641.36,1332.4
2642.72,1375.6
2644.08,1375.0
2645.44,1337.5
2646.79,1346.4
2648.15,1311.9
2649.51,1324.9
2650.87,1406.6
2652.23,1397.8
2653.58,1768.4
2654.94,1374.1
2656.29,1313.7
2657.65,1338.8
2659.0,1312.5
2660.36,1334.8
2661.71,1607.1
2663.06,1403.1
2664.42,1310.5
2665.77,1335.2
2667.12,1409.1
2668.47,1355.8
2669.82,1324.1
2671.17,1356.5
2672.52,1305.7
2673.87,1349.9
2675.22,1294.6
2676.56,1331.7
2677.91,1356.1
2679.26,1289.9
2680.6,1288.2
2681.95,1397.5
2683.29,1298.8
2684.64,1296.2
2685.98,1375.3
2687.33,1323.6
2688.67,1283.0
2690.01,1367.9
2691.35,1301.2
2692.69,1311.1
2694.04,1311.5
2695.38,1355.3
2696.72,1323.9
2698.06,1368.1
2699.39,1351.1
2700.73,1301.6
2702.07,1348.9
2703.41,1328.7
2704.74,1358.8
2706.08,1311.9
2707.42,1325.0
2708.75,1347.8
2710.09,1341.2
2711.42,1346.6
2712.76,1358.8
2714.09,1355.1
2715.42,1389.8
2716.75,1341.1
2718.09,1362.4
2719.42,1340.6
2720.75,1429.6
2722.08,1339.3
2723.41,1349.5
2724.74,1377.7
2726.06,1345.0
2727.39,1378.6
2728.72,1325.5
2730.05,1321.7
2731.37,1513.7
2732.7,1302.4
2734.03,1345.2
2735.35,1312.5
2736.68,1372.1
2738.0,1328.5
2739.32,1297.0
2740.65,1500.2
2741.97,1250.8
2743.29,1264.8
2744.61,1265.5
2745.93,1300.4
2747.25,1289.1
2748.57,1286.1
2749.89,1292.2
2751.21,1288.5
2752.53,1281.7
2753.85,1258.7
2755.17,1289.2
2756.48,1248.3
2757.8,1239.8
2759.12,1281.0
2760.43,1303.1
2761.75,1378.6
2763.06,1315.8
2764.38,1269.7
2765.69,1269.2
2767.0,1336.2
2768.31,1282.1
2769.63,1313.3
2770.94,1299.2
2772.25,1275.0
2773.56,1277.2
2774.87,1279.5
2776.18,1338.3
2777.49,1282.4
2778.8,1328.0
2780.1,1268.6
2781.41,1357.6
2782.72,1287.6
2784.03,1280.4
2785.33,1336.2
2786.64,1293.5
2787.94,1312.6
2789.25,1407.1
2790.55,1331.2
2791.85,1305.9
2793.16,1270.0
2794.46,1265.8
2795.76,1295.3
2797.06,1288.3
2798.36,1361.9
2799.66,1307.7
2800.96,1330.1
2802.26,1303.2
2803.56,1284.4
2804.86,1262.5
2806.16,1249.5
2807.46,1301.7
2808.75,1313.0
2810.05,1281.9
2811.35,1359.7
2812.64,1250.4
2813.94,1269.9
2815.23,1277.0
2816.53,1450.3
2817.82,1321.4
2819.11,1283.9
2820.4,1276.3
2821.7,1276.6
2822.99,1301.9
2824.28,1315.9
2825.57,1340.3
2826.86,1308.7
2828.15,1303.8
2829.44,1337.1
2830.73,1320.3
2832.02,1361.0
2833.3,1399.7
2834.59,1448.3
2835.88,1354.1
2837.16,1412.6
2838.45,1413.8
2839.73,1362.5
2841.02,1402.2
2842.3,1488.2
2843.59,1433.5
2844.87,1441.2
2846.15,1387.4
2847.44,1414.2
2848.72,1412.5
2850.0,1464.4
2851.28,1396.3
2852.56,1395.9
2853.84,1437.4
2855.12,1575.7
2856.4,1444.7
2857.68,1362.9
2858.95,1334.3
2860.23,1343.7
2861.51,1387.3
2862.78,1378.2
2864.06,1400.4
2865.34,1405.4
2866.61,1364.3
2867.89,1422.2
2869.16,1390.2
2870.43,1449.8
2871.71,1459.0
2872.98,1431.2
2874.25,1454.1
2875.52,1484.5
2876.79,1496.7
2878.06,1552.2
2879.33,1570.8
2880.6,1592.5
2881.87,1482.2
2883.14,1548.8
2884.41,1503.6
2885.68,1523.6
2886.94,1532.9
2888.21,1531.6
2889.48,1503.3
2890.74,1495.8
2892.01,1480.3
2893.27,1578.4
2894.54,1579.8
2895.8,1577.0
2897.06,1539.4
2898.33,1498.2
2899.59,1542.9
2900.85,1558.3
2902.11,1529.3
2903.37,1547.7
2904.63,1677.6
2905.89,1575.1
2907.15,1593.1
2908.41,1657.8
2909.67,1643.3
2910.93,1650.3
2912.19,1673.6
2913.44,1734.3
2914.7,1928.0
2915.96,1805.0
2917.21,1871.7
2918.47,1981.8
2919.72,2154.5
2920.98,2162.4
2922.23,2239.5
2923.48,2404.7
2924.74,2467.9
2925.99,2573.0
2927.24,2676.5
2928.49,2684.5
2929.74,2810.3
2930.99,2955.4
2932.24,2619.2
2933.49,2531.5
2934.74,2697.1
2935.99,2308.2
2937.24,2313.4
2938.48,2094.9
2939.73,2036.7
2940.98,1920.0
2942.22,1828.0
2943.47,1771.9
2944.72,1689.4
2945.96,1661.7
2947.2,1700.1
2948.45,1649.9
2949.69,1635.2
2950.93,1550.9
2952.18,1516.8
2953.42,1539.7
2954.66,1522.6
2955.9,1467.0
2957.14,1481.3
2958.38,1445.3
2959.62,1468.5
2960.86,1440.9
2962.1,1456.0
2963.34,1529.3
2964.57,1432.1
2965.81,1533.2
2967.05,1472.8
2968.28,1841.7
2969.52,1421.7
2970.75,1448.1
2971.99,1515.1
2973.22,1519.3
2974.46,1450.1
2975.69,1426.5
2976.92,1524.2
2978.16,1462.8
2979.39,1444.0
2980.62,1580.7
2981.85,1543.5
2983.08,1437.6
2984.31,1454.6
2985.54,1435.1
2986.77,1471.1
2988.0,1575.7
2989.23,1441.0
2990.46,1454.4
2991.68,1543.7
2992.91,1441.3
2994.14,1512.6
2995.36,1418.1
2996.59,1487.8
2997.81,1455.1
2999.04,1478.0
3000.26,1450.5
3001.48,1514.2
3002.71,1534.4
3003.93,1521.0
3005.15,1546.0
3006.37,1580.3
3007.6,1564.6
3008.82,1551.1
3010.04,1605.1
3011.26,1504.6
3012.48,1514.3
3013.69,1614.0
3014.91,1490.6
3016.13,1438.1
3017.35,1468.1
3018.57,1457.3
3019.78,1473.5
3021.0,1426.4
3022.21,1432.2
3023.43,1482.9
3024.64,1416.6
3025.86,1445.8
3027.07,1421.9
3028.29,1466.7
3029.5,1437.1
3030.71,1477.7
3031.92,1492.6
3033.13,1477.9
3034.35,1486.8
3035.56,1561.6
3036.77,1512.2
3037.98,1645.5
3039.19,1650.9
3040.39,1655.8
3041.6,1678.5
3042.81,1774.2
3044.02,1730.5
3045.22,1835.5
3046.43,1949.9
3047.64,1905.5
3048.84,1935.1
3050.05,1963.0
3051.25,1975.9
3052.46,2064.8
3053.66,2071.8
3054.86,1966.6
3056.07,2043.1
3057.27,2073.0
3058.47,2074.4
3059.67,2138.0
3060.87,2114.5
3062.07,2247.0
3063.27,2267.2
3064.47,2220.3
3065.67,2166.6
3066.87,2144.3
3068.07,2099.9
3069.27,2090.2
3070.47,2163.2
3071.66,2031.2
3072.86,2034.2
3074.05,2030.7
3075.25,1948.8
3076.45,2030.7
3077.64,1902.5
3078.83,1795.9
3080.03,1710.3
3081.22,1749.1
3082.41,1757.6
3083.61,1584.1
3084.8,1548.0
3085.99,1497.1
3087.18,1465.3
3088.37,1483.7
3089.56,1451.0
3090.75,1497.6
3091.94,1494.8
3093.13,1525.2
3094.32,1598.3
3095.51,1549.8
3096.69,1582.9
3097.88,1642.0
3099.07,1691.5
3100.25,1712.9
3101.44,1750.8
3102.62,1750.4
3103.81,1747.9
3104.99,1761.2
3106.18,1581.9
3107.36,1504.8
3108.54,1499.3
3109.72,1442.9
3110.91,1463.4
3112.09,1368.9
3113.27,1353.8
3114.45,1358.2
3115.63,1358.9
3116.81,1379.8
3117.99,1415.4
3119.17,1415.6
3120.35,1468.6
3121.52,1362.4
3122.7,1521.0
3123.88,1391.6
3125.06,1318.4
3126.23,1368.1
3127.41,1349.9
3128.58,1314.7
3129.76,1378.2
3130.93,1344.7
3132.11,1358.0
3133.28,1390.0
3134.45,1338.6
3135.63,1334.1
3136.8,1365.4
3137.97,1445.6
3139.14,1310.6
3140.31,1385.3
3141.48,1325.5
3142.65,1442.8
3143.82,1392.0
3144.99,1377.2
3146.16,1315.4
3147.33,1290.0
3148.5,1306.7
3149.66,1362.7
3150.83,1303.3
3152.0,1347.0
3153.16,1377.7
3154.33,1445.4
3155.49,1420.2
3156.66,1427.5
3157.82,1391.8
3158.99,1373.4
3160.15,1381.2
3161.31,1349.1
3162.47,1353.2
3163.64,1322.4
3164.8,1343.5
3165.96,1375.6
3167.12,1367.1
3168.28,1338.4
3169.44,1311.3
3170.6,1297.1
3171.76,1293.0
3172.92,1280.9
3174.08,1368.9
3175.23,1369.6
3176.39,1374.4
3177.55,1311.4
3178.7,1582.5
3179.86,1336.8
3181.01,1306.5
3182.17,1313.0
3183.32,1373.0
3184.48,1311.0
3185.63,1379.9
3186.79,1299.6
3187.94,1435.4
3189.09,1448.5
3190.24,1431.1
3191.39,1361.3
3192.55,1295.5
3193.7,1238.2
3194.85,1350.0
3196.0,1351.9
3197.15,1414.7
3198.29,1374.8
3199.44,1304.3
